finding,report,implementation_task,task_document,required_test_or_benchmark,status,fixtures,decision,evidence
JS-C1,../js-code-review.md,C-JS-C1,01-js-correctness.md,tests/05-relational.md#js-c1,closed,"conformance/27-relational-edges, 28-regex-portability, 29-text-binary-budgets; host unit tests; tools/check-budgets.sh; tools/check-regex-resources.py","SPEC 7.3 snapshot iteration + total order; 7.4 direction/count always evaluated, join key by ==, right binder shadows; 7.8 P1-P4 + caps; 6.4 MAX_TEXT_LEN/MAX_COLLECTION/MAX_REGEX_*",all six hosts pass files 27-29 (P5 ambiguity cases 28b pending)
JS-C2,../js-code-review.md,C-JS-C2,01-js-correctness.md,tests/05-relational.md#js-c2,closed,"conformance/27-relational-edges, 28-regex-portability, 29-text-binary-budgets; host unit tests; tools/check-budgets.sh; tools/check-regex-resources.py","SPEC 7.3 snapshot iteration + total order; 7.4 direction/count always evaluated, join key by ==, right binder shadows; 7.8 P1-P4 + caps; 6.4 MAX_TEXT_LEN/MAX_COLLECTION/MAX_REGEX_*",all six hosts pass files 27-29 (P5 ambiguity cases 28b pending)
JS-C3,../js-code-review.md,C-JS-C3,01-js-correctness.md,tests/01-frontend.md#js-c3,closed,"conformance/10-limits.selt: lim.coalesce-depth, lim.coalesce-depth-just-under, lim.vacuous-coalesce-depth(-just-under), lim.coalesce-depth-mixed; tools/stress.sh coalesce-*",SPEC 6.4: each ?? / ??? costs one level charged at the operator (like assignment); error on the primary after the 199th,"all six hosts enter()/leave() in the R-assoc branch; conformance 1120/1120 on js, js-bundle-min, php, cpp, lisp, go, python"
JS-C4,../js-code-review.md,C-JS-C4,01-js-correctness.md,tests/07-text-binary.md#js-c4,closed,"conformance/27-relational-edges, 28-regex-portability, 29-text-binary-budgets; host unit tests; tools/check-budgets.sh; tools/check-regex-resources.py","SPEC 7.3 snapshot iteration + total order; 7.4 direction/count always evaluated, join key by ==, right binder shadows; 7.8 P1-P4 + caps; 6.4 MAX_TEXT_LEN/MAX_COLLECTION/MAX_REGEX_*",all six hosts pass files 27-29 (P5 ambiguity cases 28b pending)
JS-C5,../js-code-review.md,C-JS-C5,01-js-correctness.md,tests/07-text-binary.md#js-c5,closed,"conformance/27-relational-edges, 28-regex-portability, 29-text-binary-budgets; host unit tests; tools/check-budgets.sh; tools/check-regex-resources.py","SPEC 7.3 snapshot iteration + total order; 7.4 direction/count always evaluated, join key by ==, right binder shadows; 7.8 P1-P4 + caps; 6.4 MAX_TEXT_LEN/MAX_COLLECTION/MAX_REGEX_*",all six hosts pass files 27-29 (P5 ambiguity cases 28b pending)
JS-C6,../js-code-review.md,C-JS-C6,01-js-correctness.md,tests/06-regex.md#js-c6,closed,conformance/28b-regex-ambiguity.selt (116); tools/regex-ambiguity-ref.py; tools/check-regex-ambiguity-diff.py; tools/check-regex-resources.py,"SPEC 7.8: static exponential-ambiguity rule (position automaton, EDA, budget 16), identical in all six hosts",116/116 on all six hosts; 0 mismatches vs reference over 24k-80k random patterns per host; resource probes clean
JS-C7,../js-code-review.md,C-JS-C7,01-js-correctness.md,tests/08-sql-scope.md#js-c7,closed,"sql/cases/48-scope-and-slots, 49-kind-guarantees, 50-rendering-and-registration, 51-hybrid-parity, 19, 25, 17; sql/oracle/hybrid.json + rows/expressions; tools/check-sql-budgets.sh; tools/check-hybrid-parity*; per-host SQL unit tests","docs/internals/sql-translation.md 7.4 (scope, E_SQL_SIZE MAX_SQL_NODES=250000), sql-kinds.md 5a (all-or-nothing SUM guard, UNKNOWN guards), 7.1 balanced fold >256, 11.6 count clamp 2^63-1, MAP.md 3.1 dialect registration, 4.2 {key:*} numericCast; 12.1 hybrid parity (keys, errors, context, order, names)",all six hosts sqlt 1265/1265 with reuse twin; oracle/hybrid lanes agree on SQLite (+ MariaDB/MySQL/PostgreSQL for PHP); PY-C1 site f closed
JS-C8,../js-code-review.md,C-JS-C8,01-js-correctness.md,tests/08-sql-scope.md#js-c8,closed,"sql/cases/48-scope-and-slots, 49-kind-guarantees, 50-rendering-and-registration, 51-hybrid-parity, 19, 25, 17; sql/oracle/hybrid.json + rows/expressions; tools/check-sql-budgets.sh; tools/check-hybrid-parity*; per-host SQL unit tests","docs/internals/sql-translation.md 7.4 (scope, E_SQL_SIZE MAX_SQL_NODES=250000), sql-kinds.md 5a (all-or-nothing SUM guard, UNKNOWN guards), 7.1 balanced fold >256, 11.6 count clamp 2^63-1, MAP.md 3.1 dialect registration, 4.2 {key:*} numericCast; 12.1 hybrid parity (keys, errors, context, order, names)",all six hosts sqlt 1265/1265 with reuse twin; oracle/hybrid lanes agree on SQLite (+ MariaDB/MySQL/PostgreSQL for PHP); PY-C1 site f closed
JS-C9,../js-code-review.md,C-JS-C9,01-js-correctness.md,tests/04-evaluation.md#js-c9,closed,"conformance/26-evaluation-order.selt (ord.*, alias.arith-operand-*); tools/check-eval-equivalence.{mjs,py,php}; host unit tests",SPEC 6.2 evaluate all operands then coerce; math plans pure optimisation,all six hosts 1600/1600; plain-vs-optimised 0 diffs
JS-C10,../js-code-review.md,C-JS-C10,01-js-correctness.md,tests/01-frontend.md#js-c10,closed,"conformance/10-limits.selt: lim.interp-depth(-just-under,-3000), lex.unterminated.deep-brace-run(-short); conformance/01-lexical.selt: lex.interp.unbalanced-*, lex.interp.balanced-*; tools/stress.sh interp-*","SPEC 2 + 6.4: interpolation lexed iteratively in linear time (explicit task stack, memoised brace matching); body parens/brackets must balance inside braces (E_SYNTAX at stray closer / at the closing brace)",old-vs-new lexer differential 0 diffs per host (100k-300k random strings); 100k-level nest in <2s on every host
JS-C11,../js-code-review.md,C-JS-C10,01-js-correctness.md,tests/01-frontend.md#js-c11,closed,"conformance/10-limits.selt: lim.interp-depth(-just-under,-3000), lex.unterminated.deep-brace-run(-short); conformance/01-lexical.selt: lex.interp.unbalanced-*, lex.interp.balanced-*; tools/stress.sh interp-*","SPEC 2 + 6.4: interpolation lexed iteratively in linear time (explicit task stack, memoised brace matching); body parens/brackets must balance inside braces (E_SYNTAX at stray closer / at the closing brace)",old-vs-new lexer differential 0 diffs per host (100k-300k random strings); 100k-level nest in <2s on every host
JS-C12,../js-code-review.md,C-JS-C12,01-js-correctness.md,tests/04-evaluation.md#js-c12,closed,"conformance/26 lim.eval-depth.flat-chain-inside-*, num.plan.*, asg.compound.*; host unit tests",SPEC 6.4: index over bare variable costs one level; no host crash on flat chains in aggregate bodies; registered builtins guarded,"host lanes green; asan clean (cpp); race green (go); LISP-C44 not reproduced, hardening + test"
JS-C13,../js-code-review.md,C-JS-C13,01-js-correctness.md,tests/04-evaluation.md#js-c13,closed,conformance/26-evaluation-order.selt (opt.*),"SPEC 6.2/7.4: fusion only for numeric literal count>=1, keys before count, fused stage costs unfused depth; predicate cannot-raise only for BOOL literal; fused node keeps outer position",all six hosts green
JS-C14,../js-code-review.md,C-JS-C14,01-js-correctness.md,tests/05-relational.md#js-c14,closed,"conformance/27-relational-edges, 28-regex-portability, 29-text-binary-budgets; host unit tests; tools/check-budgets.sh; tools/check-regex-resources.py","SPEC 7.3 snapshot iteration + total order; 7.4 direction/count always evaluated, join key by ==, right binder shadows; 7.8 P1-P4 + caps; 6.4 MAX_TEXT_LEN/MAX_COLLECTION/MAX_REGEX_*",all six hosts pass files 27-29 (P5 ambiguity cases 28b pending)
JS-C15,../js-code-review.md,C-JS-C15,01-js-correctness.md,tests/05-relational.md#js-c15,closed,"conformance/27-relational-edges, 28-regex-portability, 29-text-binary-budgets; host unit tests; tools/check-budgets.sh; tools/check-regex-resources.py","SPEC 7.3 snapshot iteration + total order; 7.4 direction/count always evaluated, join key by ==, right binder shadows; 7.8 P1-P4 + caps; 6.4 MAX_TEXT_LEN/MAX_COLLECTION/MAX_REGEX_*",all six hosts pass files 27-29 (P5 ambiguity cases 28b pending)
JS-C16,../js-code-review.md,C-JS-C16,01-js-correctness.md,tests/05-relational.md#js-c16,closed,"conformance/27-relational-edges, 28-regex-portability, 29-text-binary-budgets; host unit tests; tools/check-budgets.sh; tools/check-regex-resources.py","SPEC 7.3 snapshot iteration + total order; 7.4 direction/count always evaluated, join key by ==, right binder shadows; 7.8 P1-P4 + caps; 6.4 MAX_TEXT_LEN/MAX_COLLECTION/MAX_REGEX_*",all six hosts pass files 27-29 (P5 ambiguity cases 28b pending)
JS-C17,../js-code-review.md,C-JS-C17,01-js-correctness.md,tests/06-regex.md#js-c17,closed,"conformance/27-relational-edges, 28-regex-portability, 29-text-binary-budgets; host unit tests; tools/check-budgets.sh; tools/check-regex-resources.py","SPEC 7.3 snapshot iteration + total order; 7.4 direction/count always evaluated, join key by ==, right binder shadows; 7.8 P1-P4 + caps; 6.4 MAX_TEXT_LEN/MAX_COLLECTION/MAX_REGEX_*",all six hosts pass files 27-29 (P5 ambiguity cases 28b pending)
JS-C18,../js-code-review.md,C-JS-C18,01-js-correctness.md,tests/06-regex.md#js-c18,closed,"conformance/27-relational-edges, 28-regex-portability, 29-text-binary-budgets; host unit tests; tools/check-budgets.sh; tools/check-regex-resources.py","SPEC 7.3 snapshot iteration + total order; 7.4 direction/count always evaluated, join key by ==, right binder shadows; 7.8 P1-P4 + caps; 6.4 MAX_TEXT_LEN/MAX_COLLECTION/MAX_REGEX_*",all six hosts pass files 27-29 (P5 ambiguity cases 28b pending)
JS-C19,../js-code-review.md,C-JS-C18,01-js-correctness.md,tests/06-regex.md#js-c19,closed,"conformance/27-relational-edges, 28-regex-portability, 29-text-binary-budgets; host unit tests; tools/check-budgets.sh; tools/check-regex-resources.py","SPEC 7.3 snapshot iteration + total order; 7.4 direction/count always evaluated, join key by ==, right binder shadows; 7.8 P1-P4 + caps; 6.4 MAX_TEXT_LEN/MAX_COLLECTION/MAX_REGEX_*",all six hosts pass files 27-29 (P5 ambiguity cases 28b pending)
JS-C20,../js-code-review.md,C-JS-C20,01-js-correctness.md,tests/02-decimal.md#js-c20,closed,"tools/check-js-runtime.mjs (37 new checks); conformance/24,25",SPEC 8: float/unsupported natives E_BAD_ARG; position-like key order refusal,"JS lane green (runtime 141 checks, optimizer 149, conformance 24/25 pass, dist/min identical)"
JS-C21,../js-code-review.md,C-JS-C21,01-js-correctness.md,tests/03-values.md#js-c21,closed,"tools/check-js-runtime.mjs (37 new checks); conformance/24,25",SPEC 8: float/unsupported natives E_BAD_ARG; position-like key order refusal,"JS lane green (runtime 141 checks, optimizer 149, conformance 24/25 pass, dist/min identical)"
JS-C22,../js-code-review.md,C-JS-C22,01-js-correctness.md,tests/11-hybrid.md#js-c22,closed,"sql/cases/48-scope-and-slots, 49-kind-guarantees, 50-rendering-and-registration, 51-hybrid-parity, 19, 25, 17; sql/oracle/hybrid.json + rows/expressions; tools/check-sql-budgets.sh; tools/check-hybrid-parity*; per-host SQL unit tests","docs/internals/sql-translation.md 7.4 (scope, E_SQL_SIZE MAX_SQL_NODES=250000), sql-kinds.md 5a (all-or-nothing SUM guard, UNKNOWN guards), 7.1 balanced fold >256, 11.6 count clamp 2^63-1, MAP.md 3.1 dialect registration, 4.2 {key:*} numericCast; 12.1 hybrid parity (keys, errors, context, order, names)",all six hosts sqlt 1265/1265 with reuse twin; oracle/hybrid lanes agree on SQLite (+ MariaDB/MySQL/PostgreSQL for PHP); PY-C1 site f closed
JS-C23,../js-code-review.md,C-JS-C23,01-js-correctness.md,tests/11-hybrid.md#js-c23,closed,"sql/cases/48-scope-and-slots, 49-kind-guarantees, 50-rendering-and-registration, 51-hybrid-parity, 19, 25, 17; sql/oracle/hybrid.json + rows/expressions; tools/check-sql-budgets.sh; tools/check-hybrid-parity*; per-host SQL unit tests","docs/internals/sql-translation.md 7.4 (scope, E_SQL_SIZE MAX_SQL_NODES=250000), sql-kinds.md 5a (all-or-nothing SUM guard, UNKNOWN guards), 7.1 balanced fold >256, 11.6 count clamp 2^63-1, MAP.md 3.1 dialect registration, 4.2 {key:*} numericCast; 12.1 hybrid parity (keys, errors, context, order, names)",all six hosts sqlt 1265/1265 with reuse twin; oracle/hybrid lanes agree on SQLite (+ MariaDB/MySQL/PostgreSQL for PHP); PY-C1 site f closed
JS-C24,../js-code-review.md,C-JS-C24,01-js-correctness.md,tests/10-sql-rendering.md#js-c24,closed,"sql/cases/48-scope-and-slots, 49-kind-guarantees, 50-rendering-and-registration, 51-hybrid-parity, 19, 25, 17; sql/oracle/hybrid.json + rows/expressions; tools/check-sql-budgets.sh; tools/check-hybrid-parity*; per-host SQL unit tests","docs/internals/sql-translation.md 7.4 (scope, E_SQL_SIZE MAX_SQL_NODES=250000), sql-kinds.md 5a (all-or-nothing SUM guard, UNKNOWN guards), 7.1 balanced fold >256, 11.6 count clamp 2^63-1, MAP.md 3.1 dialect registration, 4.2 {key:*} numericCast; 12.1 hybrid parity (keys, errors, context, order, names)",all six hosts sqlt 1265/1265 with reuse twin; oracle/hybrid lanes agree on SQLite (+ MariaDB/MySQL/PostgreSQL for PHP); PY-C1 site f closed
JS-C25,../js-code-review.md,C-JS-C24,01-js-correctness.md,tests/10-sql-rendering.md#js-c25,closed,"sql/cases/48-scope-and-slots, 49-kind-guarantees, 50-rendering-and-registration, 51-hybrid-parity, 19, 25, 17; sql/oracle/hybrid.json + rows/expressions; tools/check-sql-budgets.sh; tools/check-hybrid-parity*; per-host SQL unit tests","docs/internals/sql-translation.md 7.4 (scope, E_SQL_SIZE MAX_SQL_NODES=250000), sql-kinds.md 5a (all-or-nothing SUM guard, UNKNOWN guards), 7.1 balanced fold >256, 11.6 count clamp 2^63-1, MAP.md 3.1 dialect registration, 4.2 {key:*} numericCast; 12.1 hybrid parity (keys, errors, context, order, names)",all six hosts sqlt 1265/1265 with reuse twin; oracle/hybrid lanes agree on SQLite (+ MariaDB/MySQL/PostgreSQL for PHP); PY-C1 site f closed
JS-C26,../js-code-review.md,C-JS-C7,01-js-correctness.md,tests/08-sql-scope.md#js-c26,closed,"sql/cases/48-scope-and-slots, 49-kind-guarantees, 50-rendering-and-registration, 51-hybrid-parity, 19, 25, 17; sql/oracle/hybrid.json + rows/expressions; tools/check-sql-budgets.sh; tools/check-hybrid-parity*; per-host SQL unit tests","docs/internals/sql-translation.md 7.4 (scope, E_SQL_SIZE MAX_SQL_NODES=250000), sql-kinds.md 5a (all-or-nothing SUM guard, UNKNOWN guards), 7.1 balanced fold >256, 11.6 count clamp 2^63-1, MAP.md 3.1 dialect registration, 4.2 {key:*} numericCast; 12.1 hybrid parity (keys, errors, context, order, names)",all six hosts sqlt 1265/1265 with reuse twin; oracle/hybrid lanes agree on SQLite (+ MariaDB/MySQL/PostgreSQL for PHP); PY-C1 site f closed
JS-C27,../js-code-review.md,C-JS-C27,01-js-correctness.md,tests/09-sql-kinds.md#js-c27,closed,"sql/cases/48-scope-and-slots, 49-kind-guarantees, 50-rendering-and-registration, 51-hybrid-parity, 19, 25, 17; sql/oracle/hybrid.json + rows/expressions; tools/check-sql-budgets.sh; tools/check-hybrid-parity*; per-host SQL unit tests","docs/internals/sql-translation.md 7.4 (scope, E_SQL_SIZE MAX_SQL_NODES=250000), sql-kinds.md 5a (all-or-nothing SUM guard, UNKNOWN guards), 7.1 balanced fold >256, 11.6 count clamp 2^63-1, MAP.md 3.1 dialect registration, 4.2 {key:*} numericCast; 12.1 hybrid parity (keys, errors, context, order, names)",all six hosts sqlt 1265/1265 with reuse twin; oracle/hybrid lanes agree on SQLite (+ MariaDB/MySQL/PostgreSQL for PHP); PY-C1 site f closed
JS-C28,../js-code-review.md,C-JS-C28,01-js-correctness.md,tests/10-sql-rendering.md#js-c28,closed,"sql/cases/48-scope-and-slots, 49-kind-guarantees, 50-rendering-and-registration, 51-hybrid-parity, 19, 25, 17; sql/oracle/hybrid.json + rows/expressions; tools/check-sql-budgets.sh; tools/check-hybrid-parity*; per-host SQL unit tests","docs/internals/sql-translation.md 7.4 (scope, E_SQL_SIZE MAX_SQL_NODES=250000), sql-kinds.md 5a (all-or-nothing SUM guard, UNKNOWN guards), 7.1 balanced fold >256, 11.6 count clamp 2^63-1, MAP.md 3.1 dialect registration, 4.2 {key:*} numericCast; 12.1 hybrid parity (keys, errors, context, order, names)",all six hosts sqlt 1265/1265 with reuse twin; oracle/hybrid lanes agree on SQLite (+ MariaDB/MySQL/PostgreSQL for PHP); PY-C1 site f closed
JS-C29,../js-code-review.md,C-JS-C29,01-js-correctness.md,tests/12-integration.md#js-c29,closed,"tools/api.* probes 87-107 + tools/api-pins.txt + tools/check-api-compare.py; tools/check-cli-source.sh operand misuse; per-host T12 tests (python/tests/test_t12_host_fixes.py, go/sel/t12_host_test.go + shared_values_race_test.go, lisp/tests/unit.lisp, cpp tsan-registry, tools/check-php-integration.php, tools/check-php-version.sh)","SPEC 8: flow-sensitive dependencies(); non-source/unsupported native/fractional/non-callable -> E_BAD_ARG; 8.1: missing-argument read E_BAD_ARG, thread-safe registration",six hosts agree on 107 API probes (24 pinned); race/TSan/-race lanes green
JS-C30,../js-code-review.md,C-JS-C30,01-js-correctness.md,tests/01-frontend.md#js-c30,closed,"tools/check-cli-source.sh; per-host unit tests (check-js-runtime, check-php-runtime, python/tests/test_cli_source.py, cpp/tests/unit.cpp, lisp/tests/unit.lisp, go/sel/source_utf8_test.go)","SPEC 2: E_UTF8 at first invalid unit in code points of valid prefix; CLIs read bytes, no newline translation",check-cli-source.sh passes on all six hosts
JS-C31,../js-code-review.md,C-JS-C31,01-js-correctness.md,tests/01-frontend.md#js-c31,closed,"conformance/14-pipeline.selt: pipe.placeholder.repeated(-three,-evaluates-once-per-placeholder), below-min-arity-is-a-plain-argument, binding-function-is-not-substituted; conformance/10-limits.selt: lim.pipe-depth(-just-under), lim.pipe-chain-*","grammar.md: every top-level bare _ replaced (textual, x evaluated once per placeholder); binding built-ins never substitute; SPEC 6.4: pipe-step parens cost one level (pinned, not changed)",Go break removed; all six hosts agree
JS-C32,../js-code-review.md,C-JS-C32,01-js-correctness.md,tests/01-frontend.md#js-c32,closed,spec/limits.json E_UTF8/E_RANGE phase=both; spec/errors.md compile-time rows; generated consumers,E_UTF8 and E_RANGE are both compile and run time,node tools/gen-limits.mjs regenerated every host rendering
JS-C33,../js-code-review.md,C-JS-C20,01-js-correctness.md,tests/02-decimal.md#js-c33,closed,"tools/check-js-runtime.mjs (37 new checks); conformance/24,25",SPEC 8: float/unsupported natives E_BAD_ARG; position-like key order refusal,"JS lane green (runtime 141 checks, optimizer 149, conformance 24/25 pass, dist/min identical)"
JS-C34,../js-code-review.md,C-JS-C21,01-js-correctness.md,tests/03-values.md#js-c34,closed,"tools/check-js-runtime.mjs (37 new checks); conformance/24,25",SPEC 8: float/unsupported natives E_BAD_ARG; position-like key order refusal,"JS lane green (runtime 141 checks, optimizer 149, conformance 24/25 pass, dist/min identical)"
JS-C35,../js-code-review.md,C-JS-C21,01-js-correctness.md,tests/03-values.md#js-c35,closed,"tools/check-js-runtime.mjs (37 new checks); conformance/24,25",SPEC 8: float/unsupported natives E_BAD_ARG; position-like key order refusal,"JS lane green (runtime 141 checks, optimizer 149, conformance 24/25 pass, dist/min identical)"
JS-C36,../js-code-review.md,C-JS-C21,01-js-correctness.md,tests/03-values.md#js-c36,closed,"tools/check-js-runtime.mjs (37 new checks); conformance/24,25",SPEC 8: float/unsupported natives E_BAD_ARG; position-like key order refusal,"JS lane green (runtime 141 checks, optimizer 149, conformance 24/25 pass, dist/min identical)"
JS-C37,../js-code-review.md,C-JS-C20,01-js-correctness.md,tests/03-values.md#js-c37,closed,"tools/check-js-runtime.mjs (37 new checks); conformance/24,25",SPEC 8: float/unsupported natives E_BAD_ARG; position-like key order refusal,"JS lane green (runtime 141 checks, optimizer 149, conformance 24/25 pass, dist/min identical)"
JS-C38,../js-code-review.md,C-JS-C38,01-js-correctness.md,tests/02-decimal.md#js-c38,closed,"tools/check-js-runtime.mjs (37 new checks); conformance/24,25",SPEC 8: float/unsupported natives E_BAD_ARG; position-like key order refusal,"JS lane green (runtime 141 checks, optimizer 149, conformance 24/25 pass, dist/min identical)"
JS-C39,../js-code-review.md,C-JS-C39,01-js-correctness.md,tests/04-evaluation.md#js-c39,closed,conformance/26-evaluation-order.selt (opt.*),"SPEC 6.2/7.4: fusion only for numeric literal count>=1, keys before count, fused stage costs unfused depth; predicate cannot-raise only for BOOL literal; fused node keeps outer position",all six hosts green
JS-C40,../js-code-review.md,C-JS-C40,01-js-correctness.md,tests/12-integration.md#js-c40,closed,"tools/api.* probes 87-107 + tools/api-pins.txt + tools/check-api-compare.py; tools/check-cli-source.sh operand misuse; per-host T12 tests (python/tests/test_t12_host_fixes.py, go/sel/t12_host_test.go + shared_values_race_test.go, lisp/tests/unit.lisp, cpp tsan-registry, tools/check-php-integration.php, tools/check-php-version.sh)","SPEC 8: flow-sensitive dependencies(); non-source/unsupported native/fractional/non-callable -> E_BAD_ARG; 8.1: missing-argument read E_BAD_ARG, thread-safe registration",six hosts agree on 107 API probes (24 pinned); race/TSan/-race lanes green
JS-C41,../js-code-review.md,C-JS-C41,01-js-correctness.md,tests/07-text-binary.md#js-c41,closed,"conformance/27-relational-edges, 28-regex-portability, 29-text-binary-budgets; host unit tests; tools/check-budgets.sh; tools/check-regex-resources.py","SPEC 7.3 snapshot iteration + total order; 7.4 direction/count always evaluated, join key by ==, right binder shadows; 7.8 P1-P4 + caps; 6.4 MAX_TEXT_LEN/MAX_COLLECTION/MAX_REGEX_*",all six hosts pass files 27-29 (P5 ambiguity cases 28b pending)
JS-C42,../js-code-review.md,C-JS-C42,01-js-correctness.md,tests/04-evaluation.md#js-c42,closed,"conformance/26 lim.eval-depth.flat-chain-inside-*, num.plan.*, asg.compound.*; host unit tests",SPEC 6.4: index over bare variable costs one level; no host crash on flat chains in aggregate bodies; registered builtins guarded,"host lanes green; asan clean (cpp); race green (go); LISP-C44 not reproduced, hardening + test"
JS-C43,../js-code-review.md,C-JS-C18,01-js-correctness.md,tests/06-regex.md#js-c43,closed,"conformance/27-relational-edges, 28-regex-portability, 29-text-binary-budgets; host unit tests; tools/check-budgets.sh; tools/check-regex-resources.py","SPEC 7.3 snapshot iteration + total order; 7.4 direction/count always evaluated, join key by ==, right binder shadows; 7.8 P1-P4 + caps; 6.4 MAX_TEXT_LEN/MAX_COLLECTION/MAX_REGEX_*",all six hosts pass files 27-29 (P5 ambiguity cases 28b pending)
JS-C44,../js-code-review.md,C-JS-C18,01-js-correctness.md,tests/06-regex.md#js-c44,closed,"conformance/27-relational-edges, 28-regex-portability, 29-text-binary-budgets; host unit tests; tools/check-budgets.sh; tools/check-regex-resources.py","SPEC 7.3 snapshot iteration + total order; 7.4 direction/count always evaluated, join key by ==, right binder shadows; 7.8 P1-P4 + caps; 6.4 MAX_TEXT_LEN/MAX_COLLECTION/MAX_REGEX_*",all six hosts pass files 27-29 (P5 ambiguity cases 28b pending)
JS-C45,../js-code-review.md,C-JS-C18,01-js-correctness.md,tests/06-regex.md#js-c45,closed,"conformance/27-relational-edges, 28-regex-portability, 29-text-binary-budgets; host unit tests; tools/check-budgets.sh; tools/check-regex-resources.py","SPEC 7.3 snapshot iteration + total order; 7.4 direction/count always evaluated, join key by ==, right binder shadows; 7.8 P1-P4 + caps; 6.4 MAX_TEXT_LEN/MAX_COLLECTION/MAX_REGEX_*",all six hosts pass files 27-29 (P5 ambiguity cases 28b pending)
JS-C46,../js-code-review.md,C-JS-C46,01-js-correctness.md,tests/07-text-binary.md#js-c46,closed,"conformance/27-relational-edges, 28-regex-portability, 29-text-binary-budgets; host unit tests; tools/check-budgets.sh; tools/check-regex-resources.py","SPEC 7.3 snapshot iteration + total order; 7.4 direction/count always evaluated, join key by ==, right binder shadows; 7.8 P1-P4 + caps; 6.4 MAX_TEXT_LEN/MAX_COLLECTION/MAX_REGEX_*",all six hosts pass files 27-29 (P5 ambiguity cases 28b pending)
JS-C47,../js-code-review.md,C-JS-C47,01-js-correctness.md,tests/07-text-binary.md#js-c47,closed,"conformance/27-relational-edges, 28-regex-portability, 29-text-binary-budgets; host unit tests; tools/check-budgets.sh; tools/check-regex-resources.py","SPEC 7.3 snapshot iteration + total order; 7.4 direction/count always evaluated, join key by ==, right binder shadows; 7.8 P1-P4 + caps; 6.4 MAX_TEXT_LEN/MAX_COLLECTION/MAX_REGEX_*",all six hosts pass files 27-29 (P5 ambiguity cases 28b pending)
JS-C48,../js-code-review.md,C-JS-C48,01-js-correctness.md,tests/05-relational.md#js-c48,closed,,SPEC 3.4 copy/alias table,covered by conformance/25-value-ownership alias.aggregate-copies.* on all hosts
JS-C49,../js-code-review.md,C-JS-C49,01-js-correctness.md,tests/05-relational.md#js-c49,closed,"conformance/27-relational-edges, 28-regex-portability, 29-text-binary-budgets; host unit tests; tools/check-budgets.sh; tools/check-regex-resources.py","SPEC 7.3 snapshot iteration + total order; 7.4 direction/count always evaluated, join key by ==, right binder shadows; 7.8 P1-P4 + caps; 6.4 MAX_TEXT_LEN/MAX_COLLECTION/MAX_REGEX_*",all six hosts pass files 27-29 (P5 ambiguity cases 28b pending)
JS-C50,../js-code-review.md,C-JS-C49,01-js-correctness.md,tests/05-relational.md#js-c50,closed,"conformance/27-relational-edges, 28-regex-portability, 29-text-binary-budgets; host unit tests; tools/check-budgets.sh; tools/check-regex-resources.py","SPEC 7.3 snapshot iteration + total order; 7.4 direction/count always evaluated, join key by ==, right binder shadows; 7.8 P1-P4 + caps; 6.4 MAX_TEXT_LEN/MAX_COLLECTION/MAX_REGEX_*",all six hosts pass files 27-29 (P5 ambiguity cases 28b pending)
JS-C51,../js-code-review.md,C-JS-C51,01-js-correctness.md,tests/05-relational.md#js-c51,closed,"conformance/27-relational-edges, 28-regex-portability, 29-text-binary-budgets; host unit tests; tools/check-budgets.sh; tools/check-regex-resources.py","SPEC 7.3 snapshot iteration + total order; 7.4 direction/count always evaluated, join key by ==, right binder shadows; 7.8 P1-P4 + caps; 6.4 MAX_TEXT_LEN/MAX_COLLECTION/MAX_REGEX_*",all six hosts pass files 27-29 (P5 ambiguity cases 28b pending)
JS-C52,../js-code-review.md,C-JS-C49,01-js-correctness.md,tests/05-relational.md#js-c52,closed,,binder-plus-key BUCKET spelling dropped from SPEC 7.3 and spec/builtins.json,no host implemented it; manifest check green
JS-C53,../js-code-review.md,C-JS-C7,01-js-correctness.md,tests/08-sql-scope.md#js-c53,closed,"sql/cases/48-scope-and-slots, 49-kind-guarantees, 50-rendering-and-registration, 51-hybrid-parity, 19, 25, 17; sql/oracle/hybrid.json + rows/expressions; tools/check-sql-budgets.sh; tools/check-hybrid-parity*; per-host SQL unit tests","docs/internals/sql-translation.md 7.4 (scope, E_SQL_SIZE MAX_SQL_NODES=250000), sql-kinds.md 5a (all-or-nothing SUM guard, UNKNOWN guards), 7.1 balanced fold >256, 11.6 count clamp 2^63-1, MAP.md 3.1 dialect registration, 4.2 {key:*} numericCast; 12.1 hybrid parity (keys, errors, context, order, names)",all six hosts sqlt 1265/1265 with reuse twin; oracle/hybrid lanes agree on SQLite (+ MariaDB/MySQL/PostgreSQL for PHP); PY-C1 site f closed
JS-C54,../js-code-review.md,C-JS-C54,01-js-correctness.md,tests/08-sql-scope.md#js-c54,closed,"sql/cases/48-scope-and-slots, 49-kind-guarantees, 50-rendering-and-registration, 51-hybrid-parity, 19, 25, 17; sql/oracle/hybrid.json + rows/expressions; tools/check-sql-budgets.sh; tools/check-hybrid-parity*; per-host SQL unit tests","docs/internals/sql-translation.md 7.4 (scope, E_SQL_SIZE MAX_SQL_NODES=250000), sql-kinds.md 5a (all-or-nothing SUM guard, UNKNOWN guards), 7.1 balanced fold >256, 11.6 count clamp 2^63-1, MAP.md 3.1 dialect registration, 4.2 {key:*} numericCast; 12.1 hybrid parity (keys, errors, context, order, names)",all six hosts sqlt 1265/1265 with reuse twin; oracle/hybrid lanes agree on SQLite (+ MariaDB/MySQL/PostgreSQL for PHP); PY-C1 site f closed
JS-C55,../js-code-review.md,C-JS-C55,01-js-correctness.md,tests/09-sql-kinds.md#js-c55,closed,"sql/cases/48-scope-and-slots, 49-kind-guarantees, 50-rendering-and-registration, 51-hybrid-parity, 19, 25, 17; sql/oracle/hybrid.json + rows/expressions; tools/check-sql-budgets.sh; tools/check-hybrid-parity*; per-host SQL unit tests","docs/internals/sql-translation.md 7.4 (scope, E_SQL_SIZE MAX_SQL_NODES=250000), sql-kinds.md 5a (all-or-nothing SUM guard, UNKNOWN guards), 7.1 balanced fold >256, 11.6 count clamp 2^63-1, MAP.md 3.1 dialect registration, 4.2 {key:*} numericCast; 12.1 hybrid parity (keys, errors, context, order, names)",all six hosts sqlt 1265/1265 with reuse twin; oracle/hybrid lanes agree on SQLite (+ MariaDB/MySQL/PostgreSQL for PHP); PY-C1 site f closed
JS-C56,../js-code-review.md,C-JS-C55,01-js-correctness.md,tests/09-sql-kinds.md#js-c56,closed,"sql/cases/48-scope-and-slots, 49-kind-guarantees, 50-rendering-and-registration, 51-hybrid-parity, 19, 25, 17; sql/oracle/hybrid.json + rows/expressions; tools/check-sql-budgets.sh; tools/check-hybrid-parity*; per-host SQL unit tests","docs/internals/sql-translation.md 7.4 (scope, E_SQL_SIZE MAX_SQL_NODES=250000), sql-kinds.md 5a (all-or-nothing SUM guard, UNKNOWN guards), 7.1 balanced fold >256, 11.6 count clamp 2^63-1, MAP.md 3.1 dialect registration, 4.2 {key:*} numericCast; 12.1 hybrid parity (keys, errors, context, order, names)",all six hosts sqlt 1265/1265 with reuse twin; oracle/hybrid lanes agree on SQLite (+ MariaDB/MySQL/PostgreSQL for PHP); PY-C1 site f closed
JS-C57,../js-code-review.md,C-JS-C57,01-js-correctness.md,tests/10-sql-rendering.md#js-c57,closed,"sql/cases/48-scope-and-slots, 49-kind-guarantees, 50-rendering-and-registration, 51-hybrid-parity, 19, 25, 17; sql/oracle/hybrid.json + rows/expressions; tools/check-sql-budgets.sh; tools/check-hybrid-parity*; per-host SQL unit tests","docs/internals/sql-translation.md 7.4 (scope, E_SQL_SIZE MAX_SQL_NODES=250000), sql-kinds.md 5a (all-or-nothing SUM guard, UNKNOWN guards), 7.1 balanced fold >256, 11.6 count clamp 2^63-1, MAP.md 3.1 dialect registration, 4.2 {key:*} numericCast; 12.1 hybrid parity (keys, errors, context, order, names)",all six hosts sqlt 1265/1265 with reuse twin; oracle/hybrid lanes agree on SQLite (+ MariaDB/MySQL/PostgreSQL for PHP); PY-C1 site f closed
JS-C58,../js-code-review.md,C-JS-C58,01-js-correctness.md,tests/08-sql-scope.md#js-c58,closed,,no defect / not reproduced,"PHP-C52 not reproduced on MariaDB 11.8/MySQL 8.4 (66 digits); JS-C58 indexing an assigned keyed list stays refused (safe side), pinned by plan.helper.indexed-helper-is-carried-as-written"
JS-C59,../js-code-review.md,C-JS-C59,01-js-correctness.md,tests/11-hybrid.md#js-c59,closed,"sql/cases/48-scope-and-slots, 49-kind-guarantees, 50-rendering-and-registration, 51-hybrid-parity, 19, 25, 17; sql/oracle/hybrid.json + rows/expressions; tools/check-sql-budgets.sh; tools/check-hybrid-parity*; per-host SQL unit tests","docs/internals/sql-translation.md 7.4 (scope, E_SQL_SIZE MAX_SQL_NODES=250000), sql-kinds.md 5a (all-or-nothing SUM guard, UNKNOWN guards), 7.1 balanced fold >256, 11.6 count clamp 2^63-1, MAP.md 3.1 dialect registration, 4.2 {key:*} numericCast; 12.1 hybrid parity (keys, errors, context, order, names)",all six hosts sqlt 1265/1265 with reuse twin; oracle/hybrid lanes agree on SQLite (+ MariaDB/MySQL/PostgreSQL for PHP); PY-C1 site f closed
JS-C60,../js-code-review.md,C-JS-C60,01-js-correctness.md,tests/11-hybrid.md#js-c60,closed,"sql/cases/48-scope-and-slots, 49-kind-guarantees, 50-rendering-and-registration, 51-hybrid-parity, 19, 25, 17; sql/oracle/hybrid.json + rows/expressions; tools/check-sql-budgets.sh; tools/check-hybrid-parity*; per-host SQL unit tests","docs/internals/sql-translation.md 7.4 (scope, E_SQL_SIZE MAX_SQL_NODES=250000), sql-kinds.md 5a (all-or-nothing SUM guard, UNKNOWN guards), 7.1 balanced fold >256, 11.6 count clamp 2^63-1, MAP.md 3.1 dialect registration, 4.2 {key:*} numericCast; 12.1 hybrid parity (keys, errors, context, order, names)",all six hosts sqlt 1265/1265 with reuse twin; oracle/hybrid lanes agree on SQLite (+ MariaDB/MySQL/PostgreSQL for PHP); PY-C1 site f closed
JS-P1,../js-code-review.md,P-JS-P1,performance/js.md,performance/js.md#js-p1,closed,tools/perf/js/p01-text-concat.mjs,implemented,performance/results/js.md (JS-P1 row); benchmark tools/perf/js/p01-text-concat.mjs
JS-P2,../js-code-review.md,P-JS-P2,performance/js.md,performance/js.md#js-p2,closed,tools/perf/js/p02-lexer.mjs,implemented,performance/results/js.md (JS-P2 row); benchmark tools/perf/js/p02-lexer.mjs
JS-P3,../js-code-review.md,P-JS-P3,performance/js.md,performance/js.md#js-p3,closed,tools/perf/js/p03-wide-join.mjs,implemented,performance/results/js.md (JS-P3 row); benchmark tools/perf/js/p03-wide-join.mjs
JS-P4,../js-code-review.md,P-JS-P4,performance/js.md,performance/js.md#js-p4,closed,tools/perf/js/p04-sql-constants.mjs,implemented,performance/results/js.md (JS-P4 row); benchmark tools/perf/js/p04-sql-constants.mjs
JS-P5,../js-code-review.md,P-JS-P5,performance/js.md,performance/js.md#js-p5,closed,tools/perf/js/p05-text-builtins.mjs,implemented (partly): remaining sub-items dispositioned in the results row,performance/results/js.md (JS-P5 row); benchmark tools/perf/js/p05-text-builtins.mjs
JS-P6,../js-code-review.md,P-JS-P6,performance/js.md,performance/js.md#js-p6,closed,tools/perf/js/p05-text-builtins.mjs,implemented,performance/results/js.md (JS-P6 row); benchmark tools/perf/js/p05-text-builtins.mjs
JS-P7,../js-code-review.md,P-JS-P7,performance/js.md,performance/js.md#js-p7,closed,tools/perf/js/p07-codecs.mjs,implemented,performance/results/js.md (JS-P7 row); benchmark tools/perf/js/p07-codecs.mjs
JS-P8,../js-code-review.md,P-JS-P8,performance/js.md,performance/js.md#js-p8,closed,tools/perf/js/p08-sort-compare.mjs,implemented,performance/results/js.md (JS-P8 row); benchmark tools/perf/js/p08-sort-compare.mjs
JS-P9,../js-code-review.md,P-JS-P9,performance/js.md,performance/js.md#js-p9,closed,tools/perf/js/p09-entries-shape.mjs,implemented,performance/results/js.md (JS-P9 row); benchmark tools/perf/js/p09-entries-shape.mjs
JS-P10,../js-code-review.md,P-JS-P10,performance/js.md,performance/js.md#js-p10,closed,tools/perf/js/p10-decimal-parse.mjs,implemented,performance/results/js.md (JS-P10 row); benchmark tools/perf/js/p10-decimal-parse.mjs
JS-P11,../js-code-review.md,P-JS-P11,performance/js.md,performance/js.md#js-p11,closed,tools/perf/js/p11-plan-with-if.mjs,implemented,performance/results/js.md (JS-P11 row); benchmark tools/perf/js/p11-plan-with-if.mjs
JS-P12,../js-code-review.md,P-JS-P12,performance/js.md,performance/js.md#js-p12,closed,tools/perf/js/p12-append.mjs,implemented (partly): remaining sub-items dispositioned in the results row,performance/results/js.md (JS-P12 row); benchmark tools/perf/js/p12-append.mjs
JS-P13,../js-code-review.md,P-JS-P13,performance/js.md,performance/js.md#js-p13,closed,tools/perf/js/p13-sort-clone.mjs,rejected: SORT/SORT_BY copy is the SPEC 3.4 contract,performance/results/js.md (JS-P13 row); benchmark tools/perf/js/p13-sort-clone.mjs
JS-P14,../js-code-review.md,P-JS-P14,performance/js.md,performance/js.md#js-p14,closed,tools/perf/js/p14-contains-var.mjs,rejected: 0-5% on the report workload (noise),performance/results/js.md (JS-P14 row); benchmark tools/perf/js/p14-contains-var.mjs
JS-P15,../js-code-review.md,P-JS-P15,performance/js.md,performance/js.md#js-p15,closed,tools/perf/js/p15-fold-pairwise.mjs,already-addressed: SQL balanced fold (T09 wave),performance/results/js.md (JS-P15 row); benchmark tools/perf/js/p15-fold-pairwise.mjs
JS-P16,../js-code-review.md,P-JS-P16,performance/js.md,performance/js.md#js-p16,closed,tools/perf/js/p16-hybrid-context.mjs,implemented,performance/results/js.md (JS-P16 row); benchmark tools/perf/js/p16-hybrid-context.mjs
JS-P17,../js-code-review.md,P-JS-P17,performance/js.md,performance/js.md#js-p17,closed,tools/perf/js/p17-btl.mjs,implemented,performance/results/js.md (JS-P17 row); benchmark tools/perf/js/p17-btl.mjs
JS-P18,../js-code-review.md,P-JS-P18,performance/js.md,performance/js.md#js-p18,closed,tools/perf/js/p18-guard-reject.mjs,implemented,performance/results/js.md (JS-P18 row); benchmark tools/perf/js/p18-guard-reject.mjs
JS-P19,../js-code-review.md,P-JS-P19,performance/js.md,performance/js.md#js-p19,closed,tools/perf/js/p19-join-bad-keys.mjs,implemented,performance/results/js.md (JS-P19 row); benchmark tools/perf/js/p19-join-bad-keys.mjs
JS-P20,../js-code-review.md,P-JS-P20,performance/js.md,performance/js.md#js-p20,closed,tools/perf/js/p20-regex-compile.mjs,implemented,performance/results/js.md (JS-P20 row); benchmark tools/perf/js/p20-regex-compile.mjs
JS-P21,../js-code-review.md,P-JS-P21,performance/js.md,performance/js.md#js-p21,closed,tools/perf/js/p21-regex-cache.mjs,already-addressed: regex cache bounded at 256 (T06 wave); remaining retention is V8 own regexp cache,performance/results/js.md (JS-P21 row); benchmark tools/perf/js/p21-regex-cache.mjs
JS-P22,../js-code-review.md,P-JS-P22,performance/js.md,performance/js.md#js-p22,closed,tools/perf/js/p22-link-realias.mjs,implemented,performance/results/js.md (JS-P22 row); benchmark tools/perf/js/p22-link-realias.mjs
JS-P23,../js-code-review.md,P-JS-P23,performance/js.md,performance/js.md#js-p23,closed,tools/perf/js/p23-literals.mjs,implemented,performance/results/js.md (JS-P23 row); benchmark tools/perf/js/p23-literals.mjs
JS-P24,../js-code-review.md,P-JS-P24,performance/js.md,performance/js.md#js-p24,closed,tools/perf/js/p24-num-result.mjs,implemented,performance/results/js.md (JS-P24 row); benchmark tools/perf/js/p24-num-result.mjs
JS-P25,../js-code-review.md,P-JS-P25,performance/js.md,performance/js.md#js-p25,closed,tools/perf/js/p25-text-literal.mjs,implemented,performance/results/js.md (JS-P25 row); benchmark tools/perf/js/p25-text-literal.mjs
JS-P26,../js-code-review.md,P-JS-P26,performance/js.md,performance/js.md#js-p26,closed,tools/perf/js/p26-dialect-chain.mjs,implemented,performance/results/js.md (JS-P26 row); benchmark tools/perf/js/p26-dialect-chain.mjs
JS-P27,../js-code-review.md,P-JS-P27,performance/js.md,performance/js.md#js-p27,closed,tools/perf/js/p27-from-code-points.mjs,implemented,performance/results/js.md (JS-P27 row); benchmark tools/perf/js/p27-from-code-points.mjs
JS-P28,../js-code-review.md,P-JS-P28,performance/js.md,performance/js.md#js-p28,closed,tools/perf/js/p28-hash-micro.mjs,implemented (partly): remaining sub-items dispositioned in the results row,performance/results/js.md (JS-P28 row); benchmark tools/perf/js/p28-hash-micro.mjs
PHP-C1,../php-code-review.md,C-PHP-C1,02-php-correctness.md,tests/03-values.md#php-c1,closed,"tools/check-php-runtime.php; tools/api.php bool.isolated.between.contexts; conformance/24,25",SPEC 3.4 copy table; PHP-C17 fixed by carry interval (not reproduced at 646k digits; tested via lowered interval),php lanes green; tests fail on HEAD archive (27)
PHP-C2,../php-code-review.md,C-PHP-C2,02-php-correctness.md,tests/03-values.md#php-c2,closed,"tools/check-php-runtime.php; tools/api.php bool.isolated.between.contexts; conformance/24,25",SPEC 3.4 copy table; PHP-C17 fixed by carry interval (not reproduced at 646k digits; tested via lowered interval),php lanes green; tests fail on HEAD archive (27)
PHP-C3,../php-code-review.md,C-PHP-C3,02-php-correctness.md,tests/06-regex.md#php-c3,closed,"conformance/27-relational-edges, 28-regex-portability, 29-text-binary-budgets; host unit tests; tools/check-budgets.sh; tools/check-regex-resources.py","SPEC 7.3 snapshot iteration + total order; 7.4 direction/count always evaluated, join key by ==, right binder shadows; 7.8 P1-P4 + caps; 6.4 MAX_TEXT_LEN/MAX_COLLECTION/MAX_REGEX_*",all six hosts pass files 27-29 (P5 ambiguity cases 28b pending)
PHP-C4,../php-code-review.md,C-PHP-C4,02-php-correctness.md,tests/06-regex.md#php-c4,closed,"conformance/27-relational-edges, 28-regex-portability, 29-text-binary-budgets; host unit tests; tools/check-budgets.sh; tools/check-regex-resources.py","SPEC 7.3 snapshot iteration + total order; 7.4 direction/count always evaluated, join key by ==, right binder shadows; 7.8 P1-P4 + caps; 6.4 MAX_TEXT_LEN/MAX_COLLECTION/MAX_REGEX_*",all six hosts pass files 27-29 (P5 ambiguity cases 28b pending)
PHP-C5,../php-code-review.md,C-PHP-C5,02-php-correctness.md,tests/01-frontend.md#php-c5,closed,"conformance/10-limits.selt: lim.interp-depth(-just-under,-3000), lex.unterminated.deep-brace-run(-short); conformance/01-lexical.selt: lex.interp.unbalanced-*, lex.interp.balanced-*; tools/stress.sh interp-*","SPEC 2 + 6.4: interpolation lexed iteratively in linear time (explicit task stack, memoised brace matching); body parens/brackets must balance inside braces (E_SYNTAX at stray closer / at the closing brace)",old-vs-new lexer differential 0 diffs per host (100k-300k random strings); 100k-level nest in <2s on every host
PHP-C6,../php-code-review.md,C-PHP-C6,02-php-correctness.md,tests/07-text-binary.md#php-c6,closed,"conformance/27-relational-edges, 28-regex-portability, 29-text-binary-budgets; host unit tests; tools/check-budgets.sh; tools/check-regex-resources.py","SPEC 7.3 snapshot iteration + total order; 7.4 direction/count always evaluated, join key by ==, right binder shadows; 7.8 P1-P4 + caps; 6.4 MAX_TEXT_LEN/MAX_COLLECTION/MAX_REGEX_*",all six hosts pass files 27-29 (P5 ambiguity cases 28b pending)
PHP-C7,../php-code-review.md,C-PHP-C7,02-php-correctness.md,tests/08-sql-scope.md#php-c7,closed,"sql/cases/48-scope-and-slots, 49-kind-guarantees, 50-rendering-and-registration, 51-hybrid-parity, 19, 25, 17; sql/oracle/hybrid.json + rows/expressions; tools/check-sql-budgets.sh; tools/check-hybrid-parity*; per-host SQL unit tests","docs/internals/sql-translation.md 7.4 (scope, E_SQL_SIZE MAX_SQL_NODES=250000), sql-kinds.md 5a (all-or-nothing SUM guard, UNKNOWN guards), 7.1 balanced fold >256, 11.6 count clamp 2^63-1, MAP.md 3.1 dialect registration, 4.2 {key:*} numericCast; 12.1 hybrid parity (keys, errors, context, order, names)",all six hosts sqlt 1265/1265 with reuse twin; oracle/hybrid lanes agree on SQLite (+ MariaDB/MySQL/PostgreSQL for PHP); PY-C1 site f closed
PHP-C8,../php-code-review.md,C-PHP-C8,02-php-correctness.md,tests/11-hybrid.md#php-c8,closed,"sql/cases/48-scope-and-slots, 49-kind-guarantees, 50-rendering-and-registration, 51-hybrid-parity, 19, 25, 17; sql/oracle/hybrid.json + rows/expressions; tools/check-sql-budgets.sh; tools/check-hybrid-parity*; per-host SQL unit tests","docs/internals/sql-translation.md 7.4 (scope, E_SQL_SIZE MAX_SQL_NODES=250000), sql-kinds.md 5a (all-or-nothing SUM guard, UNKNOWN guards), 7.1 balanced fold >256, 11.6 count clamp 2^63-1, MAP.md 3.1 dialect registration, 4.2 {key:*} numericCast; 12.1 hybrid parity (keys, errors, context, order, names)",all six hosts sqlt 1265/1265 with reuse twin; oracle/hybrid lanes agree on SQLite (+ MariaDB/MySQL/PostgreSQL for PHP); PY-C1 site f closed
PHP-C9,../php-code-review.md,C-PHP-C9,02-php-correctness.md,tests/11-hybrid.md#php-c9,closed,"sql/cases/48-scope-and-slots, 49-kind-guarantees, 50-rendering-and-registration, 51-hybrid-parity, 19, 25, 17; sql/oracle/hybrid.json + rows/expressions; tools/check-sql-budgets.sh; tools/check-hybrid-parity*; per-host SQL unit tests","docs/internals/sql-translation.md 7.4 (scope, E_SQL_SIZE MAX_SQL_NODES=250000), sql-kinds.md 5a (all-or-nothing SUM guard, UNKNOWN guards), 7.1 balanced fold >256, 11.6 count clamp 2^63-1, MAP.md 3.1 dialect registration, 4.2 {key:*} numericCast; 12.1 hybrid parity (keys, errors, context, order, names)",all six hosts sqlt 1265/1265 with reuse twin; oracle/hybrid lanes agree on SQLite (+ MariaDB/MySQL/PostgreSQL for PHP); PY-C1 site f closed
PHP-C10,../php-code-review.md,C-PHP-C1,02-php-correctness.md,tests/03-values.md#php-c10,closed,"tools/check-php-runtime.php; tools/api.php bool.isolated.between.contexts; conformance/24,25",SPEC 3.4 copy table; PHP-C17 fixed by carry interval (not reproduced at 646k digits; tested via lowered interval),php lanes green; tests fail on HEAD archive (27)
PHP-C11,../php-code-review.md,C-PHP-C11,02-php-correctness.md,tests/04-evaluation.md#php-c11,closed,conformance/26-evaluation-order.selt (opt.*),"SPEC 6.2/7.4: fusion only for numeric literal count>=1, keys before count, fused stage costs unfused depth; predicate cannot-raise only for BOOL literal; fused node keeps outer position",all six hosts green
PHP-C12,../php-code-review.md,C-PHP-C12,02-php-correctness.md,tests/04-evaluation.md#php-c12,closed,conformance/26-evaluation-order.selt (opt.*),"SPEC 6.2/7.4: fusion only for numeric literal count>=1, keys before count, fused stage costs unfused depth; predicate cannot-raise only for BOOL literal; fused node keeps outer position",all six hosts green
PHP-C13,../php-code-review.md,C-PHP-C13,02-php-correctness.md,tests/04-evaluation.md#php-c13,closed,"conformance/26-evaluation-order.selt (ord.*, alias.arith-operand-*); tools/check-eval-equivalence.{mjs,py,php}; host unit tests",SPEC 6.2 evaluate all operands then coerce; math plans pure optimisation,all six hosts 1600/1600; plain-vs-optimised 0 diffs
PHP-C14,../php-code-review.md,C-PHP-C14,02-php-correctness.md,tests/01-frontend.md#php-c14,closed,"conformance/26 lim.eval-depth.flat-chain-inside-*, num.plan.*, asg.compound.*; host unit tests",SPEC 6.4: index over bare variable costs one level; no host crash on flat chains in aggregate bodies; registered builtins guarded,"host lanes green; asan clean (cpp); race green (go); LISP-C44 not reproduced, hardening + test"
PHP-C15,../php-code-review.md,C-PHP-C15,02-php-correctness.md,tests/01-frontend.md#php-c15,closed,"conformance/26 lim.eval-depth.flat-chain-inside-*, num.plan.*, asg.compound.*; host unit tests",SPEC 6.4: index over bare variable costs one level; no host crash on flat chains in aggregate bodies; registered builtins guarded,"host lanes green; asan clean (cpp); race green (go); LISP-C44 not reproduced, hardening + test"
PHP-C16,../php-code-review.md,C-PHP-C16,02-php-correctness.md,tests/01-frontend.md#php-c16,closed,"conformance/10-limits.selt: lim.coalesce-depth, lim.coalesce-depth-just-under, lim.vacuous-coalesce-depth(-just-under), lim.coalesce-depth-mixed; tools/stress.sh coalesce-*",SPEC 6.4: each ?? / ??? costs one level charged at the operator (like assignment); error on the primary after the 199th,"all six hosts enter()/leave() in the R-assoc branch; conformance 1120/1120 on js, js-bundle-min, php, cpp, lisp, go, python"
PHP-C17,../php-code-review.md,C-PHP-C17,02-php-correctness.md,tests/02-decimal.md#php-c17,closed,"tools/check-php-runtime.php; tools/api.php bool.isolated.between.contexts; conformance/24,25",SPEC 3.4 copy table; PHP-C17 fixed by carry interval (not reproduced at 646k digits; tested via lowered interval),php lanes green; tests fail on HEAD archive (27)
PHP-C18,../php-code-review.md,C-PHP-C18,02-php-correctness.md,tests/06-regex.md#php-c18,closed,"conformance/27-relational-edges, 28-regex-portability, 29-text-binary-budgets; host unit tests; tools/check-budgets.sh; tools/check-regex-resources.py","SPEC 7.3 snapshot iteration + total order; 7.4 direction/count always evaluated, join key by ==, right binder shadows; 7.8 P1-P4 + caps; 6.4 MAX_TEXT_LEN/MAX_COLLECTION/MAX_REGEX_*",all six hosts pass files 27-29 (P5 ambiguity cases 28b pending)
PHP-C19,../php-code-review.md,C-PHP-C18,02-php-correctness.md,tests/06-regex.md#php-c19,closed,"conformance/27-relational-edges, 28-regex-portability, 29-text-binary-budgets; host unit tests; tools/check-budgets.sh; tools/check-regex-resources.py","SPEC 7.3 snapshot iteration + total order; 7.4 direction/count always evaluated, join key by ==, right binder shadows; 7.8 P1-P4 + caps; 6.4 MAX_TEXT_LEN/MAX_COLLECTION/MAX_REGEX_*",all six hosts pass files 27-29 (P5 ambiguity cases 28b pending)
PHP-C20,../php-code-review.md,C-PHP-C18,02-php-correctness.md,tests/06-regex.md#php-c20,closed,"conformance/27-relational-edges, 28-regex-portability, 29-text-binary-budgets; host unit tests; tools/check-budgets.sh; tools/check-regex-resources.py","SPEC 7.3 snapshot iteration + total order; 7.4 direction/count always evaluated, join key by ==, right binder shadows; 7.8 P1-P4 + caps; 6.4 MAX_TEXT_LEN/MAX_COLLECTION/MAX_REGEX_*",all six hosts pass files 27-29 (P5 ambiguity cases 28b pending)
PHP-C21,../php-code-review.md,C-PHP-C18,02-php-correctness.md,tests/06-regex.md#php-c21,closed,"conformance/27-relational-edges, 28-regex-portability, 29-text-binary-budgets; host unit tests; tools/check-budgets.sh; tools/check-regex-resources.py","SPEC 7.3 snapshot iteration + total order; 7.4 direction/count always evaluated, join key by ==, right binder shadows; 7.8 P1-P4 + caps; 6.4 MAX_TEXT_LEN/MAX_COLLECTION/MAX_REGEX_*",all six hosts pass files 27-29 (P5 ambiguity cases 28b pending)
PHP-C22,../php-code-review.md,C-PHP-C22,02-php-correctness.md,tests/05-relational.md#php-c22,closed,"conformance/27-relational-edges, 28-regex-portability, 29-text-binary-budgets; host unit tests; tools/check-budgets.sh; tools/check-regex-resources.py","SPEC 7.3 snapshot iteration + total order; 7.4 direction/count always evaluated, join key by ==, right binder shadows; 7.8 P1-P4 + caps; 6.4 MAX_TEXT_LEN/MAX_COLLECTION/MAX_REGEX_*",all six hosts pass files 27-29 (P5 ambiguity cases 28b pending)
PHP-C23,../php-code-review.md,C-PHP-C23,02-php-correctness.md,tests/07-text-binary.md#php-c23,closed,"conformance/27-relational-edges, 28-regex-portability, 29-text-binary-budgets; host unit tests; tools/check-budgets.sh; tools/check-regex-resources.py","SPEC 7.3 snapshot iteration + total order; 7.4 direction/count always evaluated, join key by ==, right binder shadows; 7.8 P1-P4 + caps; 6.4 MAX_TEXT_LEN/MAX_COLLECTION/MAX_REGEX_*",all six hosts pass files 27-29 (P5 ambiguity cases 28b pending)
PHP-C24,../php-code-review.md,C-PHP-C24,02-php-correctness.md,tests/05-relational.md#php-c24,closed,"conformance/27-relational-edges, 28-regex-portability, 29-text-binary-budgets; host unit tests; tools/check-budgets.sh; tools/check-regex-resources.py","SPEC 7.3 snapshot iteration + total order; 7.4 direction/count always evaluated, join key by ==, right binder shadows; 7.8 P1-P4 + caps; 6.4 MAX_TEXT_LEN/MAX_COLLECTION/MAX_REGEX_*",all six hosts pass files 27-29 (P5 ambiguity cases 28b pending)
PHP-C25,../php-code-review.md,C-PHP-C24,02-php-correctness.md,tests/05-relational.md#php-c25,closed,"conformance/27-relational-edges, 28-regex-portability, 29-text-binary-budgets; host unit tests; tools/check-budgets.sh; tools/check-regex-resources.py","SPEC 7.3 snapshot iteration + total order; 7.4 direction/count always evaluated, join key by ==, right binder shadows; 7.8 P1-P4 + caps; 6.4 MAX_TEXT_LEN/MAX_COLLECTION/MAX_REGEX_*",all six hosts pass files 27-29 (P5 ambiguity cases 28b pending)
PHP-C26,../php-code-review.md,C-PHP-C26,02-php-correctness.md,tests/05-relational.md#php-c26,deferred,,no invented cap: a chained-LINK work budget needs a spec-level value-size/work limit,"measured: chained LINK under assignment ~10x per level, 7 levels 7-31 s on every host, Lisp exhausts heap; each operation already bounded by MAX_COLLECTION. Reconsider with a global evaluation-work budget (host option)"
PHP-C27,../php-code-review.md,C-PHP-C27,02-php-correctness.md,tests/09-sql-kinds.md#php-c27,closed,"sql/cases/48-scope-and-slots, 49-kind-guarantees, 50-rendering-and-registration, 51-hybrid-parity, 19, 25, 17; sql/oracle/hybrid.json + rows/expressions; tools/check-sql-budgets.sh; tools/check-hybrid-parity*; per-host SQL unit tests","docs/internals/sql-translation.md 7.4 (scope, E_SQL_SIZE MAX_SQL_NODES=250000), sql-kinds.md 5a (all-or-nothing SUM guard, UNKNOWN guards), 7.1 balanced fold >256, 11.6 count clamp 2^63-1, MAP.md 3.1 dialect registration, 4.2 {key:*} numericCast; 12.1 hybrid parity (keys, errors, context, order, names)",all six hosts sqlt 1265/1265 with reuse twin; oracle/hybrid lanes agree on SQLite (+ MariaDB/MySQL/PostgreSQL for PHP); PY-C1 site f closed
PHP-C28,../php-code-review.md,C-PHP-C27,02-php-correctness.md,tests/09-sql-kinds.md#php-c28,closed,"sql/cases/48-scope-and-slots, 49-kind-guarantees, 50-rendering-and-registration, 51-hybrid-parity, 19, 25, 17; sql/oracle/hybrid.json + rows/expressions; tools/check-sql-budgets.sh; tools/check-hybrid-parity*; per-host SQL unit tests","docs/internals/sql-translation.md 7.4 (scope, E_SQL_SIZE MAX_SQL_NODES=250000), sql-kinds.md 5a (all-or-nothing SUM guard, UNKNOWN guards), 7.1 balanced fold >256, 11.6 count clamp 2^63-1, MAP.md 3.1 dialect registration, 4.2 {key:*} numericCast; 12.1 hybrid parity (keys, errors, context, order, names)",all six hosts sqlt 1265/1265 with reuse twin; oracle/hybrid lanes agree on SQLite (+ MariaDB/MySQL/PostgreSQL for PHP); PY-C1 site f closed
PHP-C29,../php-code-review.md,C-PHP-C29,02-php-correctness.md,tests/08-sql-scope.md#php-c29,closed,"sql/cases/48-scope-and-slots, 49-kind-guarantees, 50-rendering-and-registration, 51-hybrid-parity, 19, 25, 17; sql/oracle/hybrid.json + rows/expressions; tools/check-sql-budgets.sh; tools/check-hybrid-parity*; per-host SQL unit tests","docs/internals/sql-translation.md 7.4 (scope, E_SQL_SIZE MAX_SQL_NODES=250000), sql-kinds.md 5a (all-or-nothing SUM guard, UNKNOWN guards), 7.1 balanced fold >256, 11.6 count clamp 2^63-1, MAP.md 3.1 dialect registration, 4.2 {key:*} numericCast; 12.1 hybrid parity (keys, errors, context, order, names)",all six hosts sqlt 1265/1265 with reuse twin; oracle/hybrid lanes agree on SQLite (+ MariaDB/MySQL/PostgreSQL for PHP); PY-C1 site f closed
PHP-C30,../php-code-review.md,C-PHP-C30,02-php-correctness.md,tests/08-sql-scope.md#php-c30,closed,"sql/cases/48-scope-and-slots, 49-kind-guarantees, 50-rendering-and-registration, 51-hybrid-parity, 19, 25, 17; sql/oracle/hybrid.json + rows/expressions; tools/check-sql-budgets.sh; tools/check-hybrid-parity*; per-host SQL unit tests","docs/internals/sql-translation.md 7.4 (scope, E_SQL_SIZE MAX_SQL_NODES=250000), sql-kinds.md 5a (all-or-nothing SUM guard, UNKNOWN guards), 7.1 balanced fold >256, 11.6 count clamp 2^63-1, MAP.md 3.1 dialect registration, 4.2 {key:*} numericCast; 12.1 hybrid parity (keys, errors, context, order, names)",all six hosts sqlt 1265/1265 with reuse twin; oracle/hybrid lanes agree on SQLite (+ MariaDB/MySQL/PostgreSQL for PHP); PY-C1 site f closed
PHP-C31,../php-code-review.md,C-PHP-C27,02-php-correctness.md,tests/09-sql-kinds.md#php-c31,closed,"sql/cases/48-scope-and-slots, 49-kind-guarantees, 50-rendering-and-registration, 51-hybrid-parity, 19, 25, 17; sql/oracle/hybrid.json + rows/expressions; tools/check-sql-budgets.sh; tools/check-hybrid-parity*; per-host SQL unit tests","docs/internals/sql-translation.md 7.4 (scope, E_SQL_SIZE MAX_SQL_NODES=250000), sql-kinds.md 5a (all-or-nothing SUM guard, UNKNOWN guards), 7.1 balanced fold >256, 11.6 count clamp 2^63-1, MAP.md 3.1 dialect registration, 4.2 {key:*} numericCast; 12.1 hybrid parity (keys, errors, context, order, names)",all six hosts sqlt 1265/1265 with reuse twin; oracle/hybrid lanes agree on SQLite (+ MariaDB/MySQL/PostgreSQL for PHP); PY-C1 site f closed
PHP-C32,../php-code-review.md,C-PHP-C32,02-php-correctness.md,tests/08-sql-scope.md#php-c32,closed,"sql/cases/48-scope-and-slots, 49-kind-guarantees, 50-rendering-and-registration, 51-hybrid-parity, 19, 25, 17; sql/oracle/hybrid.json + rows/expressions; tools/check-sql-budgets.sh; tools/check-hybrid-parity*; per-host SQL unit tests","docs/internals/sql-translation.md 7.4 (scope, E_SQL_SIZE MAX_SQL_NODES=250000), sql-kinds.md 5a (all-or-nothing SUM guard, UNKNOWN guards), 7.1 balanced fold >256, 11.6 count clamp 2^63-1, MAP.md 3.1 dialect registration, 4.2 {key:*} numericCast; 12.1 hybrid parity (keys, errors, context, order, names)",all six hosts sqlt 1265/1265 with reuse twin; oracle/hybrid lanes agree on SQLite (+ MariaDB/MySQL/PostgreSQL for PHP); PY-C1 site f closed
PHP-C33,../php-code-review.md,C-PHP-C33,02-php-correctness.md,tests/09-sql-kinds.md#php-c33,closed,"sql/cases/48-scope-and-slots, 49-kind-guarantees, 50-rendering-and-registration, 51-hybrid-parity, 19, 25, 17; sql/oracle/hybrid.json + rows/expressions; tools/check-sql-budgets.sh; tools/check-hybrid-parity*; per-host SQL unit tests","docs/internals/sql-translation.md 7.4 (scope, E_SQL_SIZE MAX_SQL_NODES=250000), sql-kinds.md 5a (all-or-nothing SUM guard, UNKNOWN guards), 7.1 balanced fold >256, 11.6 count clamp 2^63-1, MAP.md 3.1 dialect registration, 4.2 {key:*} numericCast; 12.1 hybrid parity (keys, errors, context, order, names)",all six hosts sqlt 1265/1265 with reuse twin; oracle/hybrid lanes agree on SQLite (+ MariaDB/MySQL/PostgreSQL for PHP); PY-C1 site f closed
PHP-C34,../php-code-review.md,C-PHP-C34,02-php-correctness.md,tests/08-sql-scope.md#php-c34,closed,"sql/cases/48-scope-and-slots, 49-kind-guarantees, 50-rendering-and-registration, 51-hybrid-parity, 19, 25, 17; sql/oracle/hybrid.json + rows/expressions; tools/check-sql-budgets.sh; tools/check-hybrid-parity*; per-host SQL unit tests","docs/internals/sql-translation.md 7.4 (scope, E_SQL_SIZE MAX_SQL_NODES=250000), sql-kinds.md 5a (all-or-nothing SUM guard, UNKNOWN guards), 7.1 balanced fold >256, 11.6 count clamp 2^63-1, MAP.md 3.1 dialect registration, 4.2 {key:*} numericCast; 12.1 hybrid parity (keys, errors, context, order, names)",all six hosts sqlt 1265/1265 with reuse twin; oracle/hybrid lanes agree on SQLite (+ MariaDB/MySQL/PostgreSQL for PHP); PY-C1 site f closed
PHP-C35,../php-code-review.md,C-PHP-C35,02-php-correctness.md,tests/11-hybrid.md#php-c35,closed,"sql/cases/48-scope-and-slots, 49-kind-guarantees, 50-rendering-and-registration, 51-hybrid-parity, 19, 25, 17; sql/oracle/hybrid.json + rows/expressions; tools/check-sql-budgets.sh; tools/check-hybrid-parity*; per-host SQL unit tests","docs/internals/sql-translation.md 7.4 (scope, E_SQL_SIZE MAX_SQL_NODES=250000), sql-kinds.md 5a (all-or-nothing SUM guard, UNKNOWN guards), 7.1 balanced fold >256, 11.6 count clamp 2^63-1, MAP.md 3.1 dialect registration, 4.2 {key:*} numericCast; 12.1 hybrid parity (keys, errors, context, order, names)",all six hosts sqlt 1265/1265 with reuse twin; oracle/hybrid lanes agree on SQLite (+ MariaDB/MySQL/PostgreSQL for PHP); PY-C1 site f closed
PHP-C36,../php-code-review.md,C-PHP-C36,02-php-correctness.md,tests/11-hybrid.md#php-c36,closed,"sql/cases/48-scope-and-slots, 49-kind-guarantees, 50-rendering-and-registration, 51-hybrid-parity, 19, 25, 17; sql/oracle/hybrid.json + rows/expressions; tools/check-sql-budgets.sh; tools/check-hybrid-parity*; per-host SQL unit tests","docs/internals/sql-translation.md 7.4 (scope, E_SQL_SIZE MAX_SQL_NODES=250000), sql-kinds.md 5a (all-or-nothing SUM guard, UNKNOWN guards), 7.1 balanced fold >256, 11.6 count clamp 2^63-1, MAP.md 3.1 dialect registration, 4.2 {key:*} numericCast; 12.1 hybrid parity (keys, errors, context, order, names)",all six hosts sqlt 1265/1265 with reuse twin; oracle/hybrid lanes agree on SQLite (+ MariaDB/MySQL/PostgreSQL for PHP); PY-C1 site f closed
PHP-C37,../php-code-review.md,C-PHP-C37,02-php-correctness.md,tests/10-sql-rendering.md#php-c37,closed,"sql/cases/48-scope-and-slots, 49-kind-guarantees, 50-rendering-and-registration, 51-hybrid-parity, 19, 25, 17; sql/oracle/hybrid.json + rows/expressions; tools/check-sql-budgets.sh; tools/check-hybrid-parity*; per-host SQL unit tests","docs/internals/sql-translation.md 7.4 (scope, E_SQL_SIZE MAX_SQL_NODES=250000), sql-kinds.md 5a (all-or-nothing SUM guard, UNKNOWN guards), 7.1 balanced fold >256, 11.6 count clamp 2^63-1, MAP.md 3.1 dialect registration, 4.2 {key:*} numericCast; 12.1 hybrid parity (keys, errors, context, order, names)",all six hosts sqlt 1265/1265 with reuse twin; oracle/hybrid lanes agree on SQLite (+ MariaDB/MySQL/PostgreSQL for PHP); PY-C1 site f closed
PHP-C38,../php-code-review.md,C-PHP-C38,02-php-correctness.md,tests/12-integration.md#php-c38,closed,"tools/api.* probes 87-107 + tools/api-pins.txt + tools/check-api-compare.py; tools/check-cli-source.sh operand misuse; per-host T12 tests (python/tests/test_t12_host_fixes.py, go/sel/t12_host_test.go + shared_values_race_test.go, lisp/tests/unit.lisp, cpp tsan-registry, tools/check-php-integration.php, tools/check-php-version.sh)","SPEC 8: flow-sensitive dependencies(); non-source/unsupported native/fractional/non-callable -> E_BAD_ARG; 8.1: missing-argument read E_BAD_ARG, thread-safe registration",six hosts agree on 107 API probes (24 pinned); race/TSan/-race lanes green
PHP-C39,../php-code-review.md,C-PHP-C1,02-php-correctness.md,tests/03-values.md#php-c39,closed,"tools/check-php-runtime.php; tools/api.php bool.isolated.between.contexts; conformance/24,25",SPEC 3.4 copy table; PHP-C17 fixed by carry interval (not reproduced at 646k digits; tested via lowered interval),php lanes green; tests fail on HEAD archive (27)
PHP-C40,../php-code-review.md,C-PHP-C40,02-php-correctness.md,tests/02-decimal.md#php-c40,closed,"tools/check-php-runtime.php; tools/api.php bool.isolated.between.contexts; conformance/24,25",SPEC 3.4 copy table; PHP-C17 fixed by carry interval (not reproduced at 646k digits; tested via lowered interval),php lanes green; tests fail on HEAD archive (27)
PHP-C41,../php-code-review.md,C-PHP-C40,02-php-correctness.md,tests/02-decimal.md#php-c41,closed,"tools/check-php-runtime.php; tools/api.php bool.isolated.between.contexts; conformance/24,25",SPEC 3.4 copy table; PHP-C17 fixed by carry interval (not reproduced at 646k digits; tested via lowered interval),php lanes green; tests fail on HEAD archive (27)
PHP-C42,../php-code-review.md,C-PHP-C42,02-php-correctness.md,tests/01-frontend.md#php-c42,closed,"tools/check-cli-source.sh; per-host unit tests (check-js-runtime, check-php-runtime, python/tests/test_cli_source.py, cpp/tests/unit.cpp, lisp/tests/unit.lisp, go/sel/source_utf8_test.go)","SPEC 2: E_UTF8 at first invalid unit in code points of valid prefix; CLIs read bytes, no newline translation",check-cli-source.sh passes on all six hosts
PHP-C43,../php-code-review.md,C-PHP-C43,02-php-correctness.md,tests/01-frontend.md#php-c43,closed,"tools/check-cli-source.sh; per-host unit tests (check-js-runtime, check-php-runtime, python/tests/test_cli_source.py, cpp/tests/unit.cpp, lisp/tests/unit.lisp, go/sel/source_utf8_test.go)","SPEC 2: E_UTF8 at first invalid unit in code points of valid prefix; CLIs read bytes, no newline translation",check-cli-source.sh passes on all six hosts
PHP-C44,../php-code-review.md,C-PHP-C44,02-php-correctness.md,tests/01-frontend.md#php-c44,closed,spec/limits.json E_UTF8/E_RANGE phase=both; spec/errors.md compile-time rows; generated consumers,E_UTF8 and E_RANGE are both compile and run time,node tools/gen-limits.mjs regenerated every host rendering
PHP-C45,../php-code-review.md,C-PHP-C18,02-php-correctness.md,tests/06-regex.md#php-c45,closed,,"SPEC 7.8 caps (depth 200, MAX_REGEX_PATTERN/GROUPS) identical in all hosts",covered by MAX_REGEX_*/MAX_TEXT_LEN/MAX_COLLECTION caps (no further PHP limit)
PHP-C46,../php-code-review.md,C-PHP-C24,02-php-correctness.md,tests/05-relational.md#php-c46,closed,"conformance/27-relational-edges, 28-regex-portability, 29-text-binary-budgets; host unit tests; tools/check-budgets.sh; tools/check-regex-resources.py","SPEC 7.3 snapshot iteration + total order; 7.4 direction/count always evaluated, join key by ==, right binder shadows; 7.8 P1-P4 + caps; 6.4 MAX_TEXT_LEN/MAX_COLLECTION/MAX_REGEX_*",all six hosts pass files 27-29 (P5 ambiguity cases 28b pending)
PHP-C47,../php-code-review.md,C-PHP-C47,02-php-correctness.md,tests/05-relational.md#php-c47,closed,,binder-plus-key BUCKET spelling dropped from SPEC 7.3 and spec/builtins.json,no host implemented it; manifest check green
PHP-C48,../php-code-review.md,C-PHP-C48,02-php-correctness.md,tests/12-integration.md#php-c48,closed,,message text is not contract; codes and positions agree,no defect (spec: tests assert code+position only)
PHP-C49,../php-code-review.md,C-PHP-C37,02-php-correctness.md,tests/10-sql-rendering.md#php-c49,closed,"sql/cases/48-scope-and-slots, 49-kind-guarantees, 50-rendering-and-registration, 51-hybrid-parity, 19, 25, 17; sql/oracle/hybrid.json + rows/expressions; tools/check-sql-budgets.sh; tools/check-hybrid-parity*; per-host SQL unit tests","docs/internals/sql-translation.md 7.4 (scope, E_SQL_SIZE MAX_SQL_NODES=250000), sql-kinds.md 5a (all-or-nothing SUM guard, UNKNOWN guards), 7.1 balanced fold >256, 11.6 count clamp 2^63-1, MAP.md 3.1 dialect registration, 4.2 {key:*} numericCast; 12.1 hybrid parity (keys, errors, context, order, names)",all six hosts sqlt 1265/1265 with reuse twin; oracle/hybrid lanes agree on SQLite (+ MariaDB/MySQL/PostgreSQL for PHP); PY-C1 site f closed
PHP-C50,../php-code-review.md,C-PHP-C50,02-php-correctness.md,tests/09-sql-kinds.md#php-c50,closed,"sql/cases/48-scope-and-slots, 49-kind-guarantees, 50-rendering-and-registration, 51-hybrid-parity, 19, 25, 17; sql/oracle/hybrid.json + rows/expressions; tools/check-sql-budgets.sh; tools/check-hybrid-parity*; per-host SQL unit tests","docs/internals/sql-translation.md 7.4 (scope, E_SQL_SIZE MAX_SQL_NODES=250000), sql-kinds.md 5a (all-or-nothing SUM guard, UNKNOWN guards), 7.1 balanced fold >256, 11.6 count clamp 2^63-1, MAP.md 3.1 dialect registration, 4.2 {key:*} numericCast; 12.1 hybrid parity (keys, errors, context, order, names)",all six hosts sqlt 1265/1265 with reuse twin; oracle/hybrid lanes agree on SQLite (+ MariaDB/MySQL/PostgreSQL for PHP); PY-C1 site f closed
PHP-C51,../php-code-review.md,C-PHP-C51,02-php-correctness.md,tests/09-sql-kinds.md#php-c51,closed,,non-defect: all six translators refuse BOOL/BIN arguments to IS_BLANK/IS_NULL/COALESCE identically,documented non-defect; re-measured on the four servers
PHP-C52,../php-code-review.md,C-PHP-C52,02-php-correctness.md,tests/09-sql-kinds.md#php-c52,closed,,no defect / not reproduced,"PHP-C52 not reproduced on MariaDB 11.8/MySQL 8.4 (66 digits); JS-C58 indexing an assigned keyed list stays refused (safe side), pinned by plan.helper.indexed-helper-is-carried-as-written"
PHP-C53,../php-code-review.md,C-PHP-C53,02-php-correctness.md,tests/10-sql-rendering.md#php-c53,closed,"sql/cases/48-scope-and-slots, 49-kind-guarantees, 50-rendering-and-registration, 51-hybrid-parity, 19, 25, 17; sql/oracle/hybrid.json + rows/expressions; tools/check-sql-budgets.sh; tools/check-hybrid-parity*; per-host SQL unit tests","docs/internals/sql-translation.md 7.4 (scope, E_SQL_SIZE MAX_SQL_NODES=250000), sql-kinds.md 5a (all-or-nothing SUM guard, UNKNOWN guards), 7.1 balanced fold >256, 11.6 count clamp 2^63-1, MAP.md 3.1 dialect registration, 4.2 {key:*} numericCast; 12.1 hybrid parity (keys, errors, context, order, names)",all six hosts sqlt 1265/1265 with reuse twin; oracle/hybrid lanes agree on SQLite (+ MariaDB/MySQL/PostgreSQL for PHP); PY-C1 site f closed
PHP-C54,../php-code-review.md,C-PHP-C53,02-php-correctness.md,tests/10-sql-rendering.md#php-c54,closed,"sql/cases/48-scope-and-slots, 49-kind-guarantees, 50-rendering-and-registration, 51-hybrid-parity, 19, 25, 17; sql/oracle/hybrid.json + rows/expressions; tools/check-sql-budgets.sh; tools/check-hybrid-parity*; per-host SQL unit tests","docs/internals/sql-translation.md 7.4 (scope, E_SQL_SIZE MAX_SQL_NODES=250000), sql-kinds.md 5a (all-or-nothing SUM guard, UNKNOWN guards), 7.1 balanced fold >256, 11.6 count clamp 2^63-1, MAP.md 3.1 dialect registration, 4.2 {key:*} numericCast; 12.1 hybrid parity (keys, errors, context, order, names)",all six hosts sqlt 1265/1265 with reuse twin; oracle/hybrid lanes agree on SQLite (+ MariaDB/MySQL/PostgreSQL for PHP); PY-C1 site f closed
PHP-C55,../php-code-review.md,C-PHP-C55,02-php-correctness.md,tests/11-hybrid.md#php-c55,closed,"sql/cases/48-scope-and-slots, 49-kind-guarantees, 50-rendering-and-registration, 51-hybrid-parity, 19, 25, 17; sql/oracle/hybrid.json + rows/expressions; tools/check-sql-budgets.sh; tools/check-hybrid-parity*; per-host SQL unit tests","docs/internals/sql-translation.md 7.4 (scope, E_SQL_SIZE MAX_SQL_NODES=250000), sql-kinds.md 5a (all-or-nothing SUM guard, UNKNOWN guards), 7.1 balanced fold >256, 11.6 count clamp 2^63-1, MAP.md 3.1 dialect registration, 4.2 {key:*} numericCast; 12.1 hybrid parity (keys, errors, context, order, names)",all six hosts sqlt 1265/1265 with reuse twin; oracle/hybrid lanes agree on SQLite (+ MariaDB/MySQL/PostgreSQL for PHP); PY-C1 site f closed
PHP-C56,../php-code-review.md,C-PHP-C56,02-php-correctness.md,tests/10-sql-rendering.md#php-c56,closed,,documentation wording,"docs/internals + sql/MAP.md 3.1 and docs/sql.md updated (server-mode assumptions, exact-column wording)"
PHP-C57,../php-code-review.md,C-PHP-C57,02-php-correctness.md,tests/10-sql-rendering.md#php-c57,closed,,non-defect for Hybrid::execute return (JS/Python/PHP all return the runner's rows for pure_sql); alias case-collision fixed,alias case-collision fixed (E_SQL_BINDING); execute return type is not a defect (all hosts return the runner's rows)
PHP-C58,../php-code-review.md,C-PHP-C58,02-php-correctness.md,tests/09-sql-kinds.md#php-c58,closed,"sql/cases/48-scope-and-slots, 49-kind-guarantees, 50-rendering-and-registration, 51-hybrid-parity, 19, 25, 17; sql/oracle/hybrid.json + rows/expressions; tools/check-sql-budgets.sh; tools/check-hybrid-parity*; per-host SQL unit tests","docs/internals/sql-translation.md 7.4 (scope, E_SQL_SIZE MAX_SQL_NODES=250000), sql-kinds.md 5a (all-or-nothing SUM guard, UNKNOWN guards), 7.1 balanced fold >256, 11.6 count clamp 2^63-1, MAP.md 3.1 dialect registration, 4.2 {key:*} numericCast; 12.1 hybrid parity (keys, errors, context, order, names)",all six hosts sqlt 1265/1265 with reuse twin; oracle/hybrid lanes agree on SQLite (+ MariaDB/MySQL/PostgreSQL for PHP); PY-C1 site f closed
PHP-P1,../php-code-review.md,P-PHP-P1,performance/php.md,performance/php.md#php-p1,closed,tools/perf/php/,implemented,performance/results/php.md (PHP-P1 row); benchmark tools/perf/php/
PHP-P2,../php-code-review.md,P-PHP-P2,performance/php.md,performance/php.md#php-p2,closed,tools/perf/php/,already-addressed: byte-level strpos/str_replace/explode from the correctness wave (PHP-C23),performance/results/php.md (PHP-P2 row); benchmark tools/perf/php/
PHP-P3,../php-code-review.md,P-PHP-P3,performance/php.md,performance/php.md#php-p3,closed,tools/perf/php/,implemented,performance/results/php.md (PHP-P3 row); benchmark tools/perf/php/
PHP-P4,../php-code-review.md,P-PHP-P4,performance/php.md,performance/php.md#php-p4,closed,tools/perf/php/,implemented,performance/results/php.md (PHP-P4 row); benchmark tools/perf/php/
PHP-P5,../php-code-review.md,P-PHP-P5,performance/php.md,performance/php.md#php-p5,closed,tools/perf/php/,implemented,performance/results/php.md (PHP-P5 row); benchmark tools/perf/php/
PHP-P6,../php-code-review.md,P-PHP-P6,performance/php.md,performance/php.md#php-p6,closed,tools/perf/php/,implemented,performance/results/php.md (PHP-P6 row); benchmark tools/perf/php/
PHP-P7,../php-code-review.md,C-PHP-C14,02-php-correctness.md,performance/php.md#php-p7,closed,tools/perf/php/,"already-addressed: owned by correctness task C-PHP-C14 (closed): linear assignment-target walk, 40,000-bracket target 4.9 s -> 0.8 s",performance/results/php.md (PHP-P7 row); benchmark tools/perf/php/
PHP-P8,../php-code-review.md,P-PHP-P8,performance/php.md,performance/php.md#php-p8,closed,tools/perf/php/,already-addressed: balanced fold above 256 operands (SQL wave),performance/results/php.md (PHP-P8 row); benchmark tools/perf/php/
PHP-P9,../php-code-review.md,P-PHP-P9,performance/php.md,performance/php.md#php-p9,closed,tools/perf/php/,implemented (partly): tokenizer fast path; whole-run lexing deferred,performance/results/php.md (PHP-P9 row); benchmark tools/perf/php/
PHP-P10,../php-code-review.md,P-PHP-P10,performance/php.md,performance/php.md#php-p10,deferred,tools/perf/php/,deferred: tokens as arrays ~397 B/token; needs a spec-level source-size cap decision and a cross-cutting refactor (at best 2.5x smaller tokens),performance/results/php.md (PHP-P10 row); benchmark tools/perf/php/; reconsider when a source-size cap is decided or token memory dominates a real profile
PHP-P11,../php-code-review.md,P-PHP-P11,performance/php.md,performance/php.md#php-p11,closed,tools/perf/php/,implemented (subset): Value::set key-check skip rejected (no gain),performance/results/php.md (PHP-P11 row); benchmark tools/perf/php/
PHP-P12,../php-code-review.md,P-PHP-P12,performance/php.md,performance/php.md#php-p12,closed,tools/perf/php/,implemented,performance/results/php.md (PHP-P12 row); benchmark tools/perf/php/
PHP-P13,../php-code-review.md,P-PHP-P13,performance/php.md,performance/php.md#php-p13,closed,tools/perf/php/,implemented (div): native mod rejected (5-8%),performance/results/php.md (PHP-P13 row); benchmark tools/perf/php/
PHP-P14,../php-code-review.md,P-PHP-P14,performance/php.md,performance/php.md#php-p14,closed,tools/perf/php/,implemented,performance/results/php.md (PHP-P14 row); benchmark tools/perf/php/
PHP-P15,../php-code-review.md,P-PHP-P15,performance/php.md,performance/php.md#php-p15,closed,tools/perf/php/,implemented,performance/results/php.md (PHP-P15 row); benchmark tools/perf/php/
PHP-P16,../php-code-review.md,P-PHP-P16,performance/php.md,performance/php.md#php-p16,closed,tools/perf/php/,implemented,performance/results/php.md (PHP-P16 row); benchmark tools/perf/php/
PHP-P17,../php-code-review.md,P-PHP-P17,performance/php.md,performance/php.md#php-p17,deferred,tools/perf/php/,deferred: numeric Value ~410 B each; a 62% saving needs a decimal-representation refactor (~105 access sites + public descriptor),performance/results/php.md (PHP-P17 row); benchmark tools/perf/php/; reconsider when a decimal-representation refactor is scheduled or numeric memory becomes a reported limit
PHP-P18,../php-code-review.md,P-PHP-P18,performance/php.md,performance/php.md#php-p18,closed,tools/perf/php/,implemented,performance/results/php.md (PHP-P18 row); benchmark tools/perf/php/
PHP-P19,../php-code-review.md,P-PHP-P19,performance/php.md,performance/php.md#php-p19,closed,tools/perf/php/,implemented,performance/results/php.md (PHP-P19 row); benchmark tools/perf/php/
PHP-P20,../php-code-review.md,P-PHP-P20,performance/php.md,performance/php.md#php-p20,closed,tools/perf/php/,implemented,performance/results/php.md (PHP-P20 row); benchmark tools/perf/php/
PHP-P21,../php-code-review.md,P-PHP-P21,performance/php.md,performance/php.md#php-p21,closed,tools/perf/php/,implemented,performance/results/php.md (PHP-P21 row); benchmark tools/perf/php/
PHP-P22,../php-code-review.md,P-PHP-P22,performance/php.md,performance/php.md#php-p22,closed,tools/perf/php/,implemented,performance/results/php.md (PHP-P22 row); benchmark tools/perf/php/
PHP-P23,../php-code-review.md,P-PHP-P23,performance/php.md,performance/php.md#php-p23,closed,tools/perf/php/,implemented,performance/results/php.md (PHP-P23 row); benchmark tools/perf/php/
PHP-P24,../php-code-review.md,P-PHP-P24,performance/php.md,performance/php.md#php-p24,closed,tools/perf/php/,implemented,performance/results/php.md (PHP-P24 row); benchmark tools/perf/php/
PHP-P25,../php-code-review.md,P-PHP-P25,performance/php.md,performance/php.md#php-p25,closed,tools/perf/php/,implemented,performance/results/php.md (PHP-P25 row); benchmark tools/perf/php/
PHP-P26,../php-code-review.md,P-PHP-P26,performance/php.md,performance/php.md#php-p26,closed,tools/perf/php/,implemented,performance/results/php.md (PHP-P26 row); benchmark tools/perf/php/
PHP-P27,../php-code-review.md,P-PHP-P27,performance/php.md,performance/php.md#php-p27,closed,tools/perf/php/,implemented,performance/results/php.md (PHP-P27 row); benchmark tools/perf/php/
PHP-P28,../php-code-review.md,P-PHP-P28,performance/php.md,performance/php.md#php-p28,closed,tools/perf/php/,"rejected: removing try/finally in evalNode: x0.98, no measurable gain",performance/results/php.md (PHP-P28 row); benchmark tools/perf/php/
PHP-P29,../php-code-review.md,P-PHP-P29,performance/php.md,performance/php.md#php-p29,closed,tools/perf/php/,implemented,performance/results/php.md (PHP-P29 row); benchmark tools/perf/php/
PHP-P30,../php-code-review.md,P-PHP-P30,performance/php.md,performance/php.md#php-p30,closed,tools/perf/php/,implemented (partly): i-flag rescan done; other sub-items measured and deferred/rejected item by item,performance/results/php.md (PHP-P30 row); benchmark tools/perf/php/
PY-C1,../python-code-review.md,C-PY-C1,03-python-correctness.md,tests/01-frontend.md#py-c1,closed,"sql/cases/48-scope-and-slots, 49-kind-guarantees, 50-rendering-and-registration, 51-hybrid-parity, 19, 25, 17; sql/oracle/hybrid.json + rows/expressions; tools/check-sql-budgets.sh; tools/check-hybrid-parity*; per-host SQL unit tests","docs/internals/sql-translation.md 7.4 (scope, E_SQL_SIZE MAX_SQL_NODES=250000), sql-kinds.md 5a (all-or-nothing SUM guard, UNKNOWN guards), 7.1 balanced fold >256, 11.6 count clamp 2^63-1, MAP.md 3.1 dialect registration, 4.2 {key:*} numericCast; 12.1 hybrid parity (keys, errors, context, order, names)",all six hosts sqlt 1265/1265 with reuse twin; oracle/hybrid lanes agree on SQLite (+ MariaDB/MySQL/PostgreSQL for PHP); PY-C1 site f closed
PY-C2,../python-code-review.md,C-PY-C2,03-python-correctness.md,tests/12-integration.md#py-c2,closed,python/tests/test_gc_pause.py::test_collector_is_enabled_after_concurrent_runs,_gc pause state guarded by a lock,"fails on the HEAD _gc.py, passes now"
PY-C3,../python-code-review.md,C-PY-C3,03-python-correctness.md,tests/06-regex.md#py-c3,closed,conformance/28b-regex-ambiguity.selt (116); tools/regex-ambiguity-ref.py; tools/check-regex-ambiguity-diff.py; tools/check-regex-resources.py,"SPEC 7.8: static exponential-ambiguity rule (position automaton, EDA, budget 16), identical in all six hosts",116/116 on all six hosts; 0 mismatches vs reference over 24k-80k random patterns per host; resource probes clean
PY-C4,../python-code-review.md,C-PY-C3,03-python-correctness.md,tests/06-regex.md#py-c4,closed,"conformance/27-relational-edges, 28-regex-portability, 29-text-binary-budgets; host unit tests; tools/check-budgets.sh; tools/check-regex-resources.py","SPEC 7.3 snapshot iteration + total order; 7.4 direction/count always evaluated, join key by ==, right binder shadows; 7.8 P1-P4 + caps; 6.4 MAX_TEXT_LEN/MAX_COLLECTION/MAX_REGEX_*",all six hosts pass files 27-29 (P5 ambiguity cases 28b pending)
PY-C5,../python-code-review.md,C-PY-C5,03-python-correctness.md,tests/08-sql-scope.md#py-c5,closed,"sql/cases/48-scope-and-slots, 49-kind-guarantees, 50-rendering-and-registration, 51-hybrid-parity, 19, 25, 17; sql/oracle/hybrid.json + rows/expressions; tools/check-sql-budgets.sh; tools/check-hybrid-parity*; per-host SQL unit tests","docs/internals/sql-translation.md 7.4 (scope, E_SQL_SIZE MAX_SQL_NODES=250000), sql-kinds.md 5a (all-or-nothing SUM guard, UNKNOWN guards), 7.1 balanced fold >256, 11.6 count clamp 2^63-1, MAP.md 3.1 dialect registration, 4.2 {key:*} numericCast; 12.1 hybrid parity (keys, errors, context, order, names)",all six hosts sqlt 1265/1265 with reuse twin; oracle/hybrid lanes agree on SQLite (+ MariaDB/MySQL/PostgreSQL for PHP); PY-C1 site f closed
PY-C6,../python-code-review.md,C-PY-C6,03-python-correctness.md,tests/08-sql-scope.md#py-c6,closed,"sql/cases/48-scope-and-slots, 49-kind-guarantees, 50-rendering-and-registration, 51-hybrid-parity, 19, 25, 17; sql/oracle/hybrid.json + rows/expressions; tools/check-sql-budgets.sh; tools/check-hybrid-parity*; per-host SQL unit tests","docs/internals/sql-translation.md 7.4 (scope, E_SQL_SIZE MAX_SQL_NODES=250000), sql-kinds.md 5a (all-or-nothing SUM guard, UNKNOWN guards), 7.1 balanced fold >256, 11.6 count clamp 2^63-1, MAP.md 3.1 dialect registration, 4.2 {key:*} numericCast; 12.1 hybrid parity (keys, errors, context, order, names)",all six hosts sqlt 1265/1265 with reuse twin; oracle/hybrid lanes agree on SQLite (+ MariaDB/MySQL/PostgreSQL for PHP); PY-C1 site f closed
PY-C7,../python-code-review.md,C-PY-C7,03-python-correctness.md,tests/04-evaluation.md#py-c7,closed,"conformance/26-evaluation-order.selt (ord.*, alias.arith-operand-*); tools/check-eval-equivalence.{mjs,py,php}; host unit tests",SPEC 6.2 evaluate all operands then coerce; math plans pure optimisation,all six hosts 1600/1600; plain-vs-optimised 0 diffs
PY-C8,../python-code-review.md,C-PY-C7,03-python-correctness.md,tests/04-evaluation.md#py-c8,closed,"conformance/26-evaluation-order.selt (ord.*, alias.arith-operand-*); tools/check-eval-equivalence.{mjs,py,php}; host unit tests",SPEC 6.2 evaluate all operands then coerce; math plans pure optimisation,all six hosts 1600/1600; plain-vs-optimised 0 diffs
PY-C9,../python-code-review.md,C-PY-C9,03-python-correctness.md,tests/04-evaluation.md#py-c9,closed,conformance/26-evaluation-order.selt (opt.*),"SPEC 6.2/7.4: fusion only for numeric literal count>=1, keys before count, fused stage costs unfused depth; predicate cannot-raise only for BOOL literal; fused node keeps outer position",all six hosts green
PY-C10,../python-code-review.md,C-PY-C10,03-python-correctness.md,tests/05-relational.md#py-c10,closed,"conformance/27-relational-edges, 28-regex-portability, 29-text-binary-budgets; host unit tests; tools/check-budgets.sh; tools/check-regex-resources.py","SPEC 7.3 snapshot iteration + total order; 7.4 direction/count always evaluated, join key by ==, right binder shadows; 7.8 P1-P4 + caps; 6.4 MAX_TEXT_LEN/MAX_COLLECTION/MAX_REGEX_*",all six hosts pass files 27-29 (P5 ambiguity cases 28b pending)
PY-C11,../python-code-review.md,C-PY-C11,03-python-correctness.md,tests/05-relational.md#py-c11,closed,"conformance/27-relational-edges, 28-regex-portability, 29-text-binary-budgets; host unit tests; tools/check-budgets.sh; tools/check-regex-resources.py","SPEC 7.3 snapshot iteration + total order; 7.4 direction/count always evaluated, join key by ==, right binder shadows; 7.8 P1-P4 + caps; 6.4 MAX_TEXT_LEN/MAX_COLLECTION/MAX_REGEX_*",all six hosts pass files 27-29 (P5 ambiguity cases 28b pending)
PY-C12,../python-code-review.md,C-PY-C12,03-python-correctness.md,tests/05-relational.md#py-c12,closed,"conformance/27-relational-edges, 28-regex-portability, 29-text-binary-budgets; host unit tests; tools/check-budgets.sh; tools/check-regex-resources.py","SPEC 7.3 snapshot iteration + total order; 7.4 direction/count always evaluated, join key by ==, right binder shadows; 7.8 P1-P4 + caps; 6.4 MAX_TEXT_LEN/MAX_COLLECTION/MAX_REGEX_*",all six hosts pass files 27-29 (P5 ambiguity cases 28b pending)
PY-C13,../python-code-review.md,C-PY-C13,03-python-correctness.md,tests/05-relational.md#py-c13,closed,"conformance/27-relational-edges, 28-regex-portability, 29-text-binary-budgets; host unit tests; tools/check-budgets.sh; tools/check-regex-resources.py","SPEC 7.3 snapshot iteration + total order; 7.4 direction/count always evaluated, join key by ==, right binder shadows; 7.8 P1-P4 + caps; 6.4 MAX_TEXT_LEN/MAX_COLLECTION/MAX_REGEX_*",all six hosts pass files 27-29 (P5 ambiguity cases 28b pending)
PY-C14,../python-code-review.md,C-PY-C14,03-python-correctness.md,tests/07-text-binary.md#py-c14,closed,"conformance/27-relational-edges, 28-regex-portability, 29-text-binary-budgets; host unit tests; tools/check-budgets.sh; tools/check-regex-resources.py","SPEC 7.3 snapshot iteration + total order; 7.4 direction/count always evaluated, join key by ==, right binder shadows; 7.8 P1-P4 + caps; 6.4 MAX_TEXT_LEN/MAX_COLLECTION/MAX_REGEX_*",all six hosts pass files 27-29 (P5 ambiguity cases 28b pending)
PY-C15,../python-code-review.md,C-PY-C3,03-python-correctness.md,tests/06-regex.md#py-c15,closed,"conformance/27-relational-edges, 28-regex-portability, 29-text-binary-budgets; host unit tests; tools/check-budgets.sh; tools/check-regex-resources.py","SPEC 7.3 snapshot iteration + total order; 7.4 direction/count always evaluated, join key by ==, right binder shadows; 7.8 P1-P4 + caps; 6.4 MAX_TEXT_LEN/MAX_COLLECTION/MAX_REGEX_*",all six hosts pass files 27-29 (P5 ambiguity cases 28b pending)
PY-C16,../python-code-review.md,C-PY-C16,03-python-correctness.md,tests/12-integration.md#py-c16,closed,"tools/api.* probes 87-107 + tools/api-pins.txt + tools/check-api-compare.py; tools/check-cli-source.sh operand misuse; per-host T12 tests (python/tests/test_t12_host_fixes.py, go/sel/t12_host_test.go + shared_values_race_test.go, lisp/tests/unit.lisp, cpp tsan-registry, tools/check-php-integration.php, tools/check-php-version.sh)","SPEC 8: flow-sensitive dependencies(); non-source/unsupported native/fractional/non-callable -> E_BAD_ARG; 8.1: missing-argument read E_BAD_ARG, thread-safe registration",six hosts agree on 107 API probes (24 pinned); race/TSan/-race lanes green
PY-C17,../python-code-review.md,C-PY-C17,03-python-correctness.md,tests/01-frontend.md#py-c17,closed,"tools/check-cli-source.sh; per-host unit tests (check-js-runtime, check-php-runtime, python/tests/test_cli_source.py, cpp/tests/unit.cpp, lisp/tests/unit.lisp, go/sel/source_utf8_test.go)","SPEC 2: E_UTF8 at first invalid unit in code points of valid prefix; CLIs read bytes, no newline translation",check-cli-source.sh passes on all six hosts
PY-C18,../python-code-review.md,C-PY-C18,03-python-correctness.md,tests/08-sql-scope.md#py-c18,closed,"sql/cases/48-scope-and-slots, 49-kind-guarantees, 50-rendering-and-registration, 51-hybrid-parity, 19, 25, 17; sql/oracle/hybrid.json + rows/expressions; tools/check-sql-budgets.sh; tools/check-hybrid-parity*; per-host SQL unit tests","docs/internals/sql-translation.md 7.4 (scope, E_SQL_SIZE MAX_SQL_NODES=250000), sql-kinds.md 5a (all-or-nothing SUM guard, UNKNOWN guards), 7.1 balanced fold >256, 11.6 count clamp 2^63-1, MAP.md 3.1 dialect registration, 4.2 {key:*} numericCast; 12.1 hybrid parity (keys, errors, context, order, names)",all six hosts sqlt 1265/1265 with reuse twin; oracle/hybrid lanes agree on SQLite (+ MariaDB/MySQL/PostgreSQL for PHP); PY-C1 site f closed
PY-C19,../python-code-review.md,C-PY-C19,03-python-correctness.md,tests/09-sql-kinds.md#py-c19,closed,"sql/cases/48-scope-and-slots, 49-kind-guarantees, 50-rendering-and-registration, 51-hybrid-parity, 19, 25, 17; sql/oracle/hybrid.json + rows/expressions; tools/check-sql-budgets.sh; tools/check-hybrid-parity*; per-host SQL unit tests","docs/internals/sql-translation.md 7.4 (scope, E_SQL_SIZE MAX_SQL_NODES=250000), sql-kinds.md 5a (all-or-nothing SUM guard, UNKNOWN guards), 7.1 balanced fold >256, 11.6 count clamp 2^63-1, MAP.md 3.1 dialect registration, 4.2 {key:*} numericCast; 12.1 hybrid parity (keys, errors, context, order, names)",all six hosts sqlt 1265/1265 with reuse twin; oracle/hybrid lanes agree on SQLite (+ MariaDB/MySQL/PostgreSQL for PHP); PY-C1 site f closed
PY-C20,../python-code-review.md,C-PY-C19,03-python-correctness.md,tests/09-sql-kinds.md#py-c20,closed,"sql/cases/48-scope-and-slots, 49-kind-guarantees, 50-rendering-and-registration, 51-hybrid-parity, 19, 25, 17; sql/oracle/hybrid.json + rows/expressions; tools/check-sql-budgets.sh; tools/check-hybrid-parity*; per-host SQL unit tests","docs/internals/sql-translation.md 7.4 (scope, E_SQL_SIZE MAX_SQL_NODES=250000), sql-kinds.md 5a (all-or-nothing SUM guard, UNKNOWN guards), 7.1 balanced fold >256, 11.6 count clamp 2^63-1, MAP.md 3.1 dialect registration, 4.2 {key:*} numericCast; 12.1 hybrid parity (keys, errors, context, order, names)",all six hosts sqlt 1265/1265 with reuse twin; oracle/hybrid lanes agree on SQLite (+ MariaDB/MySQL/PostgreSQL for PHP); PY-C1 site f closed
PY-C21,../python-code-review.md,C-PY-C19,03-python-correctness.md,tests/09-sql-kinds.md#py-c21,closed,"sql/cases/48-scope-and-slots, 49-kind-guarantees, 50-rendering-and-registration, 51-hybrid-parity, 19, 25, 17; sql/oracle/hybrid.json + rows/expressions; tools/check-sql-budgets.sh; tools/check-hybrid-parity*; per-host SQL unit tests","docs/internals/sql-translation.md 7.4 (scope, E_SQL_SIZE MAX_SQL_NODES=250000), sql-kinds.md 5a (all-or-nothing SUM guard, UNKNOWN guards), 7.1 balanced fold >256, 11.6 count clamp 2^63-1, MAP.md 3.1 dialect registration, 4.2 {key:*} numericCast; 12.1 hybrid parity (keys, errors, context, order, names)",all six hosts sqlt 1265/1265 with reuse twin; oracle/hybrid lanes agree on SQLite (+ MariaDB/MySQL/PostgreSQL for PHP); PY-C1 site f closed
PY-C22,../python-code-review.md,C-PY-C22,03-python-correctness.md,tests/11-hybrid.md#py-c22,closed,"sql/cases/48-scope-and-slots, 49-kind-guarantees, 50-rendering-and-registration, 51-hybrid-parity, 19, 25, 17; sql/oracle/hybrid.json + rows/expressions; tools/check-sql-budgets.sh; tools/check-hybrid-parity*; per-host SQL unit tests","docs/internals/sql-translation.md 7.4 (scope, E_SQL_SIZE MAX_SQL_NODES=250000), sql-kinds.md 5a (all-or-nothing SUM guard, UNKNOWN guards), 7.1 balanced fold >256, 11.6 count clamp 2^63-1, MAP.md 3.1 dialect registration, 4.2 {key:*} numericCast; 12.1 hybrid parity (keys, errors, context, order, names)",all six hosts sqlt 1265/1265 with reuse twin; oracle/hybrid lanes agree on SQLite (+ MariaDB/MySQL/PostgreSQL for PHP); PY-C1 site f closed
PY-C23,../python-code-review.md,C-PY-C23,03-python-correctness.md,tests/11-hybrid.md#py-c23,closed,"sql/cases/48-scope-and-slots, 49-kind-guarantees, 50-rendering-and-registration, 51-hybrid-parity, 19, 25, 17; sql/oracle/hybrid.json + rows/expressions; tools/check-sql-budgets.sh; tools/check-hybrid-parity*; per-host SQL unit tests","docs/internals/sql-translation.md 7.4 (scope, E_SQL_SIZE MAX_SQL_NODES=250000), sql-kinds.md 5a (all-or-nothing SUM guard, UNKNOWN guards), 7.1 balanced fold >256, 11.6 count clamp 2^63-1, MAP.md 3.1 dialect registration, 4.2 {key:*} numericCast; 12.1 hybrid parity (keys, errors, context, order, names)",all six hosts sqlt 1265/1265 with reuse twin; oracle/hybrid lanes agree on SQLite (+ MariaDB/MySQL/PostgreSQL for PHP); PY-C1 site f closed
PY-C24,../python-code-review.md,C-PY-C24,03-python-correctness.md,tests/11-hybrid.md#py-c24,closed,"sql/cases/48-scope-and-slots, 49-kind-guarantees, 50-rendering-and-registration, 51-hybrid-parity, 19, 25, 17; sql/oracle/hybrid.json + rows/expressions; tools/check-sql-budgets.sh; tools/check-hybrid-parity*; per-host SQL unit tests","docs/internals/sql-translation.md 7.4 (scope, E_SQL_SIZE MAX_SQL_NODES=250000), sql-kinds.md 5a (all-or-nothing SUM guard, UNKNOWN guards), 7.1 balanced fold >256, 11.6 count clamp 2^63-1, MAP.md 3.1 dialect registration, 4.2 {key:*} numericCast; 12.1 hybrid parity (keys, errors, context, order, names)",all six hosts sqlt 1265/1265 with reuse twin; oracle/hybrid lanes agree on SQLite (+ MariaDB/MySQL/PostgreSQL for PHP); PY-C1 site f closed
PY-C25,../python-code-review.md,C-PY-C25,03-python-correctness.md,tests/02-decimal.md#py-c25,closed,python/tests/test_value_ownership.py (32 fail on HEAD); tools/decimal-oracle-exact.py,SPEC 3.4; PY-C30 path+value depth at target,"python 762 unit pass, oracle 94k 0 mismatches"
PY-C26,../python-code-review.md,C-PY-C26,03-python-correctness.md,tests/01-frontend.md#py-c26,closed,"conformance/14-pipeline.selt: pipe.placeholder.repeated(-three,-evaluates-once-per-placeholder), below-min-arity-is-a-plain-argument, binding-function-is-not-substituted; conformance/10-limits.selt: lim.pipe-depth(-just-under), lim.pipe-chain-*","grammar.md: every top-level bare _ replaced (textual, x evaluated once per placeholder); binding built-ins never substitute; SPEC 6.4: pipe-step parens cost one level (pinned, not changed)",Go break removed; all six hosts agree
PY-C27,../python-code-review.md,C-PY-C27,03-python-correctness.md,tests/01-frontend.md#py-c27,closed,"tools/check-cli-source.sh; per-host unit tests (check-js-runtime, check-php-runtime, python/tests/test_cli_source.py, cpp/tests/unit.cpp, lisp/tests/unit.lisp, go/sel/source_utf8_test.go)","SPEC 2: E_UTF8 at first invalid unit in code points of valid prefix; CLIs read bytes, no newline translation",check-cli-source.sh passes on all six hosts
PY-C28,../python-code-review.md,C-PY-C28,03-python-correctness.md,tests/03-values.md#py-c28,closed,python/tests/test_value_ownership.py (32 fail on HEAD); tools/decimal-oracle-exact.py,SPEC 3.4; PY-C30 path+value depth at target,"python 762 unit pass, oracle 94k 0 mismatches"
PY-C29,../python-code-review.md,C-PY-C29,03-python-correctness.md,tests/02-decimal.md#py-c29,closed,python/tests/test_value_ownership.py (32 fail on HEAD); tools/decimal-oracle-exact.py,SPEC 3.4; PY-C30 path+value depth at target,"python 762 unit pass, oracle 94k 0 mismatches"
PY-C30,../python-code-review.md,C-PY-C28,03-python-correctness.md,tests/03-values.md#py-c30,closed,python/tests/test_value_ownership.py (32 fail on HEAD); tools/decimal-oracle-exact.py,SPEC 3.4; PY-C30 path+value depth at target,"python 762 unit pass, oracle 94k 0 mismatches"
PY-C31,../python-code-review.md,C-PY-C31,03-python-correctness.md,tests/12-integration.md#py-c31,closed,"tools/api.* probes 87-107 + tools/api-pins.txt + tools/check-api-compare.py; tools/check-cli-source.sh operand misuse; per-host T12 tests (python/tests/test_t12_host_fixes.py, go/sel/t12_host_test.go + shared_values_race_test.go, lisp/tests/unit.lisp, cpp tsan-registry, tools/check-php-integration.php, tools/check-php-version.sh)","SPEC 8: flow-sensitive dependencies(); non-source/unsupported native/fractional/non-callable -> E_BAD_ARG; 8.1: missing-argument read E_BAD_ARG, thread-safe registration",six hosts agree on 107 API probes (24 pinned); race/TSan/-race lanes green
PY-C32,../python-code-review.md,C-PY-C32,03-python-correctness.md,tests/03-values.md#py-c32,closed,python/tests/test_value_ownership.py (32 fail on HEAD); tools/decimal-oracle-exact.py,SPEC 3.4; PY-C30 path+value depth at target,"python 762 unit pass, oracle 94k 0 mismatches"
PY-C33,../python-code-review.md,C-PY-C3,03-python-correctness.md,tests/06-regex.md#py-c33,closed,"conformance/27-relational-edges, 28-regex-portability, 29-text-binary-budgets; host unit tests; tools/check-budgets.sh; tools/check-regex-resources.py","SPEC 7.3 snapshot iteration + total order; 7.4 direction/count always evaluated, join key by ==, right binder shadows; 7.8 P1-P4 + caps; 6.4 MAX_TEXT_LEN/MAX_COLLECTION/MAX_REGEX_*",all six hosts pass files 27-29 (P5 ambiguity cases 28b pending)
PY-C34,../python-code-review.md,C-PY-C3,03-python-correctness.md,tests/06-regex.md#py-c34,closed,"conformance/27-relational-edges, 28-regex-portability, 29-text-binary-budgets; host unit tests; tools/check-budgets.sh; tools/check-regex-resources.py","SPEC 7.3 snapshot iteration + total order; 7.4 direction/count always evaluated, join key by ==, right binder shadows; 7.8 P1-P4 + caps; 6.4 MAX_TEXT_LEN/MAX_COLLECTION/MAX_REGEX_*",all six hosts pass files 27-29 (P5 ambiguity cases 28b pending)
PY-C35,../python-code-review.md,C-PY-C3,03-python-correctness.md,tests/06-regex.md#py-c35,closed,"conformance/27-relational-edges, 28-regex-portability, 29-text-binary-budgets; host unit tests; tools/check-budgets.sh; tools/check-regex-resources.py","SPEC 7.3 snapshot iteration + total order; 7.4 direction/count always evaluated, join key by ==, right binder shadows; 7.8 P1-P4 + caps; 6.4 MAX_TEXT_LEN/MAX_COLLECTION/MAX_REGEX_*",all six hosts pass files 27-29 (P5 ambiguity cases 28b pending)
PY-C36,../python-code-review.md,C-PY-C36,03-python-correctness.md,tests/07-text-binary.md#py-c36,closed,"conformance/27-relational-edges, 28-regex-portability, 29-text-binary-budgets; host unit tests; tools/check-budgets.sh; tools/check-regex-resources.py","SPEC 7.3 snapshot iteration + total order; 7.4 direction/count always evaluated, join key by ==, right binder shadows; 7.8 P1-P4 + caps; 6.4 MAX_TEXT_LEN/MAX_COLLECTION/MAX_REGEX_*",all six hosts pass files 27-29 (P5 ambiguity cases 28b pending)
PY-C37,../python-code-review.md,C-PY-C37,03-python-correctness.md,tests/05-relational.md#py-c37,closed,"conformance/27-relational-edges, 28-regex-portability, 29-text-binary-budgets; host unit tests; tools/check-budgets.sh; tools/check-regex-resources.py","SPEC 7.3 snapshot iteration + total order; 7.4 direction/count always evaluated, join key by ==, right binder shadows; 7.8 P1-P4 + caps; 6.4 MAX_TEXT_LEN/MAX_COLLECTION/MAX_REGEX_*",all six hosts pass files 27-29 (P5 ambiguity cases 28b pending)
PY-C38,../python-code-review.md,C-PY-C38,03-python-correctness.md,tests/05-relational.md#py-c38,closed,,SPEC 3.4 copy/alias table,covered by conformance/25-value-ownership alias.aggregate-copies.* on all hosts
PY-C39,../python-code-review.md,C-PY-C39,03-python-correctness.md,tests/05-relational.md#py-c39,closed,"conformance/27-relational-edges, 28-regex-portability, 29-text-binary-budgets; host unit tests; tools/check-budgets.sh; tools/check-regex-resources.py","SPEC 7.3 snapshot iteration + total order; 7.4 direction/count always evaluated, join key by ==, right binder shadows; 7.8 P1-P4 + caps; 6.4 MAX_TEXT_LEN/MAX_COLLECTION/MAX_REGEX_*",all six hosts pass files 27-29 (P5 ambiguity cases 28b pending)
PY-C40,../python-code-review.md,C-PY-C40,03-python-correctness.md,tests/05-relational.md#py-c40,closed,"conformance/27-relational-edges, 28-regex-portability, 29-text-binary-budgets; host unit tests; tools/check-budgets.sh; tools/check-regex-resources.py","SPEC 7.3 snapshot iteration + total order; 7.4 direction/count always evaluated, join key by ==, right binder shadows; 7.8 P1-P4 + caps; 6.4 MAX_TEXT_LEN/MAX_COLLECTION/MAX_REGEX_*",all six hosts pass files 27-29 (P5 ambiguity cases 28b pending)
PY-C41,../python-code-review.md,C-PY-C41,03-python-correctness.md,tests/09-sql-kinds.md#py-c41,closed,"sql/cases/48-scope-and-slots, 49-kind-guarantees, 50-rendering-and-registration, 51-hybrid-parity, 19, 25, 17; sql/oracle/hybrid.json + rows/expressions; tools/check-sql-budgets.sh; tools/check-hybrid-parity*; per-host SQL unit tests","docs/internals/sql-translation.md 7.4 (scope, E_SQL_SIZE MAX_SQL_NODES=250000), sql-kinds.md 5a (all-or-nothing SUM guard, UNKNOWN guards), 7.1 balanced fold >256, 11.6 count clamp 2^63-1, MAP.md 3.1 dialect registration, 4.2 {key:*} numericCast; 12.1 hybrid parity (keys, errors, context, order, names)",all six hosts sqlt 1265/1265 with reuse twin; oracle/hybrid lanes agree on SQLite (+ MariaDB/MySQL/PostgreSQL for PHP); PY-C1 site f closed
PY-C42,../python-code-review.md,C-PY-C41,03-python-correctness.md,tests/09-sql-kinds.md#py-c42,closed,"sql/cases/48-scope-and-slots, 49-kind-guarantees, 50-rendering-and-registration, 51-hybrid-parity, 19, 25, 17; sql/oracle/hybrid.json + rows/expressions; tools/check-sql-budgets.sh; tools/check-hybrid-parity*; per-host SQL unit tests","docs/internals/sql-translation.md 7.4 (scope, E_SQL_SIZE MAX_SQL_NODES=250000), sql-kinds.md 5a (all-or-nothing SUM guard, UNKNOWN guards), 7.1 balanced fold >256, 11.6 count clamp 2^63-1, MAP.md 3.1 dialect registration, 4.2 {key:*} numericCast; 12.1 hybrid parity (keys, errors, context, order, names)",all six hosts sqlt 1265/1265 with reuse twin; oracle/hybrid lanes agree on SQLite (+ MariaDB/MySQL/PostgreSQL for PHP); PY-C1 site f closed
PY-C43,../python-code-review.md,C-PY-C43,03-python-correctness.md,tests/10-sql-rendering.md#py-c43,closed,"sql/cases/48-scope-and-slots, 49-kind-guarantees, 50-rendering-and-registration, 51-hybrid-parity, 19, 25, 17; sql/oracle/hybrid.json + rows/expressions; tools/check-sql-budgets.sh; tools/check-hybrid-parity*; per-host SQL unit tests","docs/internals/sql-translation.md 7.4 (scope, E_SQL_SIZE MAX_SQL_NODES=250000), sql-kinds.md 5a (all-or-nothing SUM guard, UNKNOWN guards), 7.1 balanced fold >256, 11.6 count clamp 2^63-1, MAP.md 3.1 dialect registration, 4.2 {key:*} numericCast; 12.1 hybrid parity (keys, errors, context, order, names)",all six hosts sqlt 1265/1265 with reuse twin; oracle/hybrid lanes agree on SQLite (+ MariaDB/MySQL/PostgreSQL for PHP); PY-C1 site f closed
PY-C44,../python-code-review.md,C-PY-C44,03-python-correctness.md,tests/10-sql-rendering.md#py-c44,closed,"sql/cases/48-scope-and-slots, 49-kind-guarantees, 50-rendering-and-registration, 51-hybrid-parity, 19, 25, 17; sql/oracle/hybrid.json + rows/expressions; tools/check-sql-budgets.sh; tools/check-hybrid-parity*; per-host SQL unit tests","docs/internals/sql-translation.md 7.4 (scope, E_SQL_SIZE MAX_SQL_NODES=250000), sql-kinds.md 5a (all-or-nothing SUM guard, UNKNOWN guards), 7.1 balanced fold >256, 11.6 count clamp 2^63-1, MAP.md 3.1 dialect registration, 4.2 {key:*} numericCast; 12.1 hybrid parity (keys, errors, context, order, names)",all six hosts sqlt 1265/1265 with reuse twin; oracle/hybrid lanes agree on SQLite (+ MariaDB/MySQL/PostgreSQL for PHP); PY-C1 site f closed
PY-C45,../python-code-review.md,C-PY-C45,03-python-correctness.md,tests/08-sql-scope.md#py-c45,closed,"sql/cases/48-scope-and-slots, 49-kind-guarantees, 50-rendering-and-registration, 51-hybrid-parity, 19, 25, 17; sql/oracle/hybrid.json + rows/expressions; tools/check-sql-budgets.sh; tools/check-hybrid-parity*; per-host SQL unit tests","docs/internals/sql-translation.md 7.4 (scope, E_SQL_SIZE MAX_SQL_NODES=250000), sql-kinds.md 5a (all-or-nothing SUM guard, UNKNOWN guards), 7.1 balanced fold >256, 11.6 count clamp 2^63-1, MAP.md 3.1 dialect registration, 4.2 {key:*} numericCast; 12.1 hybrid parity (keys, errors, context, order, names)",all six hosts sqlt 1265/1265 with reuse twin; oracle/hybrid lanes agree on SQLite (+ MariaDB/MySQL/PostgreSQL for PHP); PY-C1 site f closed
PY-C46,../python-code-review.md,C-PY-C46,03-python-correctness.md,tests/10-sql-rendering.md#py-c46,closed,"sql/cases/48-scope-and-slots, 49-kind-guarantees, 50-rendering-and-registration, 51-hybrid-parity, 19, 25, 17; sql/oracle/hybrid.json + rows/expressions; tools/check-sql-budgets.sh; tools/check-hybrid-parity*; per-host SQL unit tests","docs/internals/sql-translation.md 7.4 (scope, E_SQL_SIZE MAX_SQL_NODES=250000), sql-kinds.md 5a (all-or-nothing SUM guard, UNKNOWN guards), 7.1 balanced fold >256, 11.6 count clamp 2^63-1, MAP.md 3.1 dialect registration, 4.2 {key:*} numericCast; 12.1 hybrid parity (keys, errors, context, order, names)",all six hosts sqlt 1265/1265 with reuse twin; oracle/hybrid lanes agree on SQLite (+ MariaDB/MySQL/PostgreSQL for PHP); PY-C1 site f closed
PY-C47,../python-code-review.md,C-PY-C47,03-python-correctness.md,tests/11-hybrid.md#py-c47,closed,"sql/cases/48-scope-and-slots, 49-kind-guarantees, 50-rendering-and-registration, 51-hybrid-parity, 19, 25, 17; sql/oracle/hybrid.json + rows/expressions; tools/check-sql-budgets.sh; tools/check-hybrid-parity*; per-host SQL unit tests","docs/internals/sql-translation.md 7.4 (scope, E_SQL_SIZE MAX_SQL_NODES=250000), sql-kinds.md 5a (all-or-nothing SUM guard, UNKNOWN guards), 7.1 balanced fold >256, 11.6 count clamp 2^63-1, MAP.md 3.1 dialect registration, 4.2 {key:*} numericCast; 12.1 hybrid parity (keys, errors, context, order, names)",all six hosts sqlt 1265/1265 with reuse twin; oracle/hybrid lanes agree on SQLite (+ MariaDB/MySQL/PostgreSQL for PHP); PY-C1 site f closed
PY-C48,../python-code-review.md,C-PY-C48,03-python-correctness.md,tests/11-hybrid.md#py-c48,closed,"sql/cases/48-scope-and-slots, 49-kind-guarantees, 50-rendering-and-registration, 51-hybrid-parity, 19, 25, 17; sql/oracle/hybrid.json + rows/expressions; tools/check-sql-budgets.sh; tools/check-hybrid-parity*; per-host SQL unit tests","docs/internals/sql-translation.md 7.4 (scope, E_SQL_SIZE MAX_SQL_NODES=250000), sql-kinds.md 5a (all-or-nothing SUM guard, UNKNOWN guards), 7.1 balanced fold >256, 11.6 count clamp 2^63-1, MAP.md 3.1 dialect registration, 4.2 {key:*} numericCast; 12.1 hybrid parity (keys, errors, context, order, names)",all six hosts sqlt 1265/1265 with reuse twin; oracle/hybrid lanes agree on SQLite (+ MariaDB/MySQL/PostgreSQL for PHP); PY-C1 site f closed
PY-C49,../python-code-review.md,C-PY-C49,03-python-correctness.md,tests/10-sql-rendering.md#py-c49,closed,"sql/cases/48-scope-and-slots, 49-kind-guarantees, 50-rendering-and-registration, 51-hybrid-parity, 19, 25, 17; sql/oracle/hybrid.json + rows/expressions; tools/check-sql-budgets.sh; tools/check-hybrid-parity*; per-host SQL unit tests","docs/internals/sql-translation.md 7.4 (scope, E_SQL_SIZE MAX_SQL_NODES=250000), sql-kinds.md 5a (all-or-nothing SUM guard, UNKNOWN guards), 7.1 balanced fold >256, 11.6 count clamp 2^63-1, MAP.md 3.1 dialect registration, 4.2 {key:*} numericCast; 12.1 hybrid parity (keys, errors, context, order, names)",all six hosts sqlt 1265/1265 with reuse twin; oracle/hybrid lanes agree on SQLite (+ MariaDB/MySQL/PostgreSQL for PHP); PY-C1 site f closed
PY-C50,../python-code-review.md,C-PY-C49,03-python-correctness.md,tests/10-sql-rendering.md#py-c50,closed,"sql/cases/48-scope-and-slots, 49-kind-guarantees, 50-rendering-and-registration, 51-hybrid-parity, 19, 25, 17; sql/oracle/hybrid.json + rows/expressions; tools/check-sql-budgets.sh; tools/check-hybrid-parity*; per-host SQL unit tests","docs/internals/sql-translation.md 7.4 (scope, E_SQL_SIZE MAX_SQL_NODES=250000), sql-kinds.md 5a (all-or-nothing SUM guard, UNKNOWN guards), 7.1 balanced fold >256, 11.6 count clamp 2^63-1, MAP.md 3.1 dialect registration, 4.2 {key:*} numericCast; 12.1 hybrid parity (keys, errors, context, order, names)",all six hosts sqlt 1265/1265 with reuse twin; oracle/hybrid lanes agree on SQLite (+ MariaDB/MySQL/PostgreSQL for PHP); PY-C1 site f closed
PY-C51,../python-code-review.md,C-PY-C51,03-python-correctness.md,tests/11-hybrid.md#py-c51,closed,"sql/cases/48-scope-and-slots, 49-kind-guarantees, 50-rendering-and-registration, 51-hybrid-parity, 19, 25, 17; sql/oracle/hybrid.json + rows/expressions; tools/check-sql-budgets.sh; tools/check-hybrid-parity*; per-host SQL unit tests","docs/internals/sql-translation.md 7.4 (scope, E_SQL_SIZE MAX_SQL_NODES=250000), sql-kinds.md 5a (all-or-nothing SUM guard, UNKNOWN guards), 7.1 balanced fold >256, 11.6 count clamp 2^63-1, MAP.md 3.1 dialect registration, 4.2 {key:*} numericCast; 12.1 hybrid parity (keys, errors, context, order, names)",all six hosts sqlt 1265/1265 with reuse twin; oracle/hybrid lanes agree on SQLite (+ MariaDB/MySQL/PostgreSQL for PHP); PY-C1 site f closed
PY-C52,../python-code-review.md,C-PY-C52,03-python-correctness.md,tests/11-hybrid.md#py-c52,closed,"sql/cases/48-scope-and-slots, 49-kind-guarantees, 50-rendering-and-registration, 51-hybrid-parity, 19, 25, 17; sql/oracle/hybrid.json + rows/expressions; tools/check-sql-budgets.sh; tools/check-hybrid-parity*; per-host SQL unit tests","docs/internals/sql-translation.md 7.4 (scope, E_SQL_SIZE MAX_SQL_NODES=250000), sql-kinds.md 5a (all-or-nothing SUM guard, UNKNOWN guards), 7.1 balanced fold >256, 11.6 count clamp 2^63-1, MAP.md 3.1 dialect registration, 4.2 {key:*} numericCast; 12.1 hybrid parity (keys, errors, context, order, names)",all six hosts sqlt 1265/1265 with reuse twin; oracle/hybrid lanes agree on SQLite (+ MariaDB/MySQL/PostgreSQL for PHP); PY-C1 site f closed
PY-P1,../python-code-review.md,P-PY-P1,performance/python.md,performance/python.md#py-p1,closed,tools/perf/python/,implemented,performance/results/python.md (PY-P1 row); benchmark tools/perf/python/
PY-P2,../python-code-review.md,P-PY-P2,performance/python.md,performance/python.md#py-p2,closed,tools/perf/python/,implemented,performance/results/python.md (PY-P2 row); benchmark tools/perf/python/
PY-P3,../python-code-review.md,P-PY-P3,performance/python.md,performance/python.md#py-p3,closed,tools/perf/python/,already-addressed: PY-C42 balanced fold,performance/results/python.md (PY-P3 row); benchmark tools/perf/python/
PY-P4,../python-code-review.md,P-PY-P4,performance/python.md,performance/python.md#py-p4,closed,tools/perf/python/,implemented,performance/results/python.md (PY-P4 row); benchmark tools/perf/python/
PY-P5,../python-code-review.md,P-PY-P5,performance/python.md,performance/python.md#py-p5,closed,tools/perf/python/,implemented,performance/results/python.md (PY-P5 row); benchmark tools/perf/python/
PY-P6,../python-code-review.md,P-PY-P6,performance/python.md,performance/python.md#py-p6,closed,tools/perf/python/,implemented,performance/results/python.md (PY-P6 row); benchmark tools/perf/python/
PY-P7,../python-code-review.md,P-PY-P7,performance/python.md,performance/python.md#py-p7,closed,tools/perf/python/,rejected: math sub-plans: no gain since evaluate-then-coerce (38.0 vs 40.2 us),performance/results/python.md (PY-P7 row); benchmark tools/perf/python/
PY-P8,../python-code-review.md,P-PY-P8,performance/python.md,performance/python.md#py-p8,closed,tools/perf/python/,implemented,performance/results/python.md (PY-P8 row); benchmark tools/perf/python/
PY-P9,../python-code-review.md,P-PY-P9,performance/python.md,performance/python.md#py-p9,closed,tools/perf/python/,implemented,performance/results/python.md (PY-P9 row); benchmark tools/perf/python/
PY-P10,../python-code-review.md,P-PY-P10,performance/python.md,performance/python.md#py-p10,closed,tools/perf/python/,implemented,performance/results/python.md (PY-P10 row); benchmark tools/perf/python/
PY-P11,../python-code-review.md,P-PY-P11,performance/python.md,performance/python.md#py-p11,closed,tools/perf/python/,implemented,performance/results/python.md (PY-P11 row); benchmark tools/perf/python/
PY-P12,../python-code-review.md,P-PY-P12,performance/python.md,performance/python.md#py-p12,closed,tools/perf/python/,implemented,performance/results/python.md (PY-P12 row); benchmark tools/perf/python/
PY-P13,../python-code-review.md,P-PY-P13,performance/python.md,performance/python.md#py-p13,closed,tools/perf/python/,implemented,performance/results/python.md (PY-P13 row); benchmark tools/perf/python/
PY-P14,../python-code-review.md,P-PY-P14,performance/python.md,performance/python.md#py-p14,closed,tools/perf/python/,implemented,performance/results/python.md (PY-P14 row); benchmark tools/perf/python/
PY-P15,../python-code-review.md,P-PY-P15,performance/python.md,performance/python.md#py-p15,closed,tools/perf/python/,rejected: 2-arg BUCKET copy is the SPEC 3.4 contract,performance/results/python.md (PY-P15 row); benchmark tools/perf/python/
PY-P16,../python-code-review.md,P-PY-P16,performance/python.md,performance/python.md#py-p16,closed,tools/perf/python/,implemented,performance/results/python.md (PY-P16 row); benchmark tools/perf/python/
PY-P17,../python-code-review.md,P-PY-P17,performance/python.md,performance/python.md#py-p17,deferred,tools/perf/python/,"deferred: interpreter loop/closures: eval_node+_dispatch self time ~14%, the rest is Value/decimal construction",performance/results/python.md (PY-P17 row); benchmark tools/perf/python/; reconsider when a value-representation change makes dispatch the larger share
PY-P18,../python-code-review.md,P-PY-P18,performance/python.md,performance/python.md#py-p18,deferred,tools/perf/python/,"deferred: SQL constant validation per ancestor: after PY-P11 the worst case translates in 12.6 ms, effect gone",performance/results/python.md (PY-P18 row); benchmark tools/perf/python/; reconsider when a workload shows constant validation above ~20% of a translation
PY-P19,../python-code-review.md,P-PY-P19,performance/python.md,performance/python.md#py-p19,closed,tools/perf/python/,implemented,performance/results/python.md (PY-P19 row); benchmark tools/perf/python/
PY-P20,../python-code-review.md,P-PY-P20,performance/python.md,performance/python.md#py-p20,closed,tools/perf/python/,implemented,performance/results/python.md (PY-P20 row); benchmark tools/perf/python/
PY-P21,../python-code-review.md,P-PY-P21,performance/python.md,performance/python.md#py-p21,closed,tools/perf/python/,implemented,performance/results/python.md (PY-P21 row); benchmark tools/perf/python/
PY-P22,../python-code-review.md,P-PY-P22,performance/python.md,performance/python.md#py-p22,closed,tools/perf/python/,implemented,performance/results/python.md (PY-P22 row); benchmark tools/perf/python/
PY-P23,../python-code-review.md,P-PY-P23,performance/python.md,performance/python.md#py-p23,closed,tools/perf/python/,implemented,performance/results/python.md (PY-P23 row); benchmark tools/perf/python/
PY-P24,../python-code-review.md,P-PY-P24,performance/python.md,performance/python.md#py-p24,closed,tools/perf/python/,implemented,performance/results/python.md (PY-P24 row); benchmark tools/perf/python/
PY-P25,../python-code-review.md,P-PY-P25,performance/python.md,performance/python.md#py-p25,closed,tools/perf/python/,implemented,performance/results/python.md (PY-P25 row); benchmark tools/perf/python/
PY-P26,../python-code-review.md,P-PY-P26,performance/python.md,performance/python.md#py-p26,closed,tools/perf/python/,implemented,performance/results/python.md (PY-P26 row); benchmark tools/perf/python/
PY-P27,../python-code-review.md,P-PY-P27,performance/python.md,performance/python.md#py-p27,closed,tools/perf/python/,already-addressed: hybrid planner linear since PY-C52 / PY-C1 site f,performance/results/python.md (PY-P27 row); benchmark tools/perf/python/
PY-P28,../python-code-review.md,P-PY-P28,performance/python.md,performance/python.md#py-p28,closed,tools/perf/python/,implemented,performance/results/python.md (PY-P28 row); benchmark tools/perf/python/
PY-P29,../python-code-review.md,P-PY-P29,performance/python.md,performance/python.md#py-p29,closed,tools/perf/python/,implemented,performance/results/python.md (PY-P29 row); benchmark tools/perf/python/
PY-P30,../python-code-review.md,P-PY-P30,performance/python.md,performance/python.md#py-p30,closed,tools/perf/python/,implemented,performance/results/python.md (PY-P30 row); benchmark tools/perf/python/
PY-P31,../python-code-review.md,P-PY-P31,performance/python.md,performance/python.md#py-p31,closed,tools/perf/python/,implemented,performance/results/python.md (PY-P31 row); benchmark tools/perf/python/
CPP-C1,../cpp-code-review.md,C-CPP-C1,04-cpp-correctness.md,tests/05-relational.md#cpp-c1,closed,"conformance/27-relational-edges, 28-regex-portability, 29-text-binary-budgets; host unit tests; tools/check-budgets.sh; tools/check-regex-resources.py","SPEC 7.3 snapshot iteration + total order; 7.4 direction/count always evaluated, join key by ==, right binder shadows; 7.8 P1-P4 + caps; 6.4 MAX_TEXT_LEN/MAX_COLLECTION/MAX_REGEX_*",all six hosts pass files 27-29 (P5 ambiguity cases 28b pending)
CPP-C2,../cpp-code-review.md,C-CPP-C2,04-cpp-correctness.md,tests/04-evaluation.md#cpp-c2,closed,"conformance/26 lim.eval-depth.flat-chain-inside-*, num.plan.*, asg.compound.*; host unit tests",SPEC 6.4: index over bare variable costs one level; no host crash on flat chains in aggregate bodies; registered builtins guarded,"host lanes green; asan clean (cpp); race green (go); LISP-C44 not reproduced, hardening + test"
CPP-C3,../cpp-code-review.md,C-CPP-C3,04-cpp-correctness.md,tests/04-evaluation.md#cpp-c3,closed,"conformance/26 lim.eval-depth.flat-chain-inside-*, num.plan.*, asg.compound.*; host unit tests",SPEC 6.4: index over bare variable costs one level; no host crash on flat chains in aggregate bodies; registered builtins guarded,"host lanes green; asan clean (cpp); race green (go); LISP-C44 not reproduced, hardening + test"
CPP-C4,../cpp-code-review.md,C-CPP-C4,04-cpp-correctness.md,tests/01-frontend.md#cpp-c4,closed,"conformance/10-limits.selt: lim.coalesce-depth, lim.coalesce-depth-just-under, lim.vacuous-coalesce-depth(-just-under), lim.coalesce-depth-mixed; tools/stress.sh coalesce-*",SPEC 6.4: each ?? / ??? costs one level charged at the operator (like assignment); error on the primary after the 199th,"all six hosts enter()/leave() in the R-assoc branch; conformance 1120/1120 on js, js-bundle-min, php, cpp, lisp, go, python"
CPP-C5,../cpp-code-review.md,C-CPP-C5,04-cpp-correctness.md,tests/01-frontend.md#cpp-c5,closed,"conformance/10-limits.selt: lim.interp-depth(-just-under,-3000), lex.unterminated.deep-brace-run(-short); conformance/01-lexical.selt: lex.interp.unbalanced-*, lex.interp.balanced-*; tools/stress.sh interp-*","SPEC 2 + 6.4: interpolation lexed iteratively in linear time (explicit task stack, memoised brace matching); body parens/brackets must balance inside braces (E_SYNTAX at stray closer / at the closing brace)",old-vs-new lexer differential 0 diffs per host (100k-300k random strings); 100k-level nest in <2s on every host
CPP-C6,../cpp-code-review.md,C-CPP-C6,04-cpp-correctness.md,tests/01-frontend.md#cpp-c6,closed,"conformance/26 lim.eval-depth.flat-chain-inside-*, num.plan.*, asg.compound.*; host unit tests",SPEC 6.4: index over bare variable costs one level; no host crash on flat chains in aggregate bodies; registered builtins guarded,"host lanes green; asan clean (cpp); race green (go); LISP-C44 not reproduced, hardening + test"
CPP-C7,../cpp-code-review.md,C-CPP-C7,04-cpp-correctness.md,tests/06-regex.md#cpp-c7,closed,"conformance/27-relational-edges, 28-regex-portability, 29-text-binary-budgets; host unit tests; tools/check-budgets.sh; tools/check-regex-resources.py","SPEC 7.3 snapshot iteration + total order; 7.4 direction/count always evaluated, join key by ==, right binder shadows; 7.8 P1-P4 + caps; 6.4 MAX_TEXT_LEN/MAX_COLLECTION/MAX_REGEX_*",all six hosts pass files 27-29 (P5 ambiguity cases 28b pending)
CPP-C8,../cpp-code-review.md,C-CPP-C8,04-cpp-correctness.md,tests/07-text-binary.md#cpp-c8,closed,"conformance/27-relational-edges, 28-regex-portability, 29-text-binary-budgets; host unit tests; tools/check-budgets.sh; tools/check-regex-resources.py","SPEC 7.3 snapshot iteration + total order; 7.4 direction/count always evaluated, join key by ==, right binder shadows; 7.8 P1-P4 + caps; 6.4 MAX_TEXT_LEN/MAX_COLLECTION/MAX_REGEX_*",all six hosts pass files 27-29 (P5 ambiguity cases 28b pending)
CPP-C9,../cpp-code-review.md,C-CPP-C3,04-cpp-correctness.md,tests/04-evaluation.md#cpp-c9,closed,"conformance/26 lim.eval-depth.flat-chain-inside-*, num.plan.*, asg.compound.*; host unit tests",SPEC 6.4: index over bare variable costs one level; no host crash on flat chains in aggregate bodies; registered builtins guarded,"host lanes green; asan clean (cpp); race green (go); LISP-C44 not reproduced, hardening + test"
CPP-C10,../cpp-code-review.md,C-CPP-C10,04-cpp-correctness.md,tests/08-sql-scope.md#cpp-c10,closed,"sql/cases/48-scope-and-slots, 49-kind-guarantees, 50-rendering-and-registration, 51-hybrid-parity, 19, 25, 17; sql/oracle/hybrid.json + rows/expressions; tools/check-sql-budgets.sh; tools/check-hybrid-parity*; per-host SQL unit tests","docs/internals/sql-translation.md 7.4 (scope, E_SQL_SIZE MAX_SQL_NODES=250000), sql-kinds.md 5a (all-or-nothing SUM guard, UNKNOWN guards), 7.1 balanced fold >256, 11.6 count clamp 2^63-1, MAP.md 3.1 dialect registration, 4.2 {key:*} numericCast; 12.1 hybrid parity (keys, errors, context, order, names)",all six hosts sqlt 1265/1265 with reuse twin; oracle/hybrid lanes agree on SQLite (+ MariaDB/MySQL/PostgreSQL for PHP); PY-C1 site f closed
CPP-C11,../cpp-code-review.md,C-CPP-C11,04-cpp-correctness.md,tests/12-integration.md#cpp-c11,closed,"tools/api.* probes 87-107 + tools/api-pins.txt + tools/check-api-compare.py; tools/check-cli-source.sh operand misuse; per-host T12 tests (python/tests/test_t12_host_fixes.py, go/sel/t12_host_test.go + shared_values_race_test.go, lisp/tests/unit.lisp, cpp tsan-registry, tools/check-php-integration.php, tools/check-php-version.sh)","SPEC 8: flow-sensitive dependencies(); non-source/unsupported native/fractional/non-callable -> E_BAD_ARG; 8.1: missing-argument read E_BAD_ARG, thread-safe registration",six hosts agree on 107 API probes (24 pinned); race/TSan/-race lanes green
CPP-C12,../cpp-code-review.md,C-CPP-C12,04-cpp-correctness.md,tests/10-sql-rendering.md#cpp-c12,closed,"sql/cases/48-scope-and-slots, 49-kind-guarantees, 50-rendering-and-registration, 51-hybrid-parity, 19, 25, 17; sql/oracle/hybrid.json + rows/expressions; tools/check-sql-budgets.sh; tools/check-hybrid-parity*; per-host SQL unit tests","docs/internals/sql-translation.md 7.4 (scope, E_SQL_SIZE MAX_SQL_NODES=250000), sql-kinds.md 5a (all-or-nothing SUM guard, UNKNOWN guards), 7.1 balanced fold >256, 11.6 count clamp 2^63-1, MAP.md 3.1 dialect registration, 4.2 {key:*} numericCast; 12.1 hybrid parity (keys, errors, context, order, names)",all six hosts sqlt 1265/1265 with reuse twin; oracle/hybrid lanes agree on SQLite (+ MariaDB/MySQL/PostgreSQL for PHP); PY-C1 site f closed
CPP-C13,../cpp-code-review.md,C-CPP-C13,04-cpp-correctness.md,tests/12-integration.md#cpp-c13,closed,"tools/api.* probes 87-107 + tools/api-pins.txt + tools/check-api-compare.py; tools/check-cli-source.sh operand misuse; per-host T12 tests (python/tests/test_t12_host_fixes.py, go/sel/t12_host_test.go + shared_values_race_test.go, lisp/tests/unit.lisp, cpp tsan-registry, tools/check-php-integration.php, tools/check-php-version.sh)","SPEC 8: flow-sensitive dependencies(); non-source/unsupported native/fractional/non-callable -> E_BAD_ARG; 8.1: missing-argument read E_BAD_ARG, thread-safe registration",six hosts agree on 107 API probes (24 pinned); race/TSan/-race lanes green
CPP-C14,../cpp-code-review.md,C-CPP-C14,04-cpp-correctness.md,tests/02-decimal.md#cpp-c14,closed,"cpp/tests/unit.cpp test_decimal_native_edges, test_collector_copies_and_depth; conformance/24,25",SPEC 3.4; exact decimal core,"cpp unit 237, oracle 447->0 mismatches, ASan/UBSan clean on files 24/25"
CPP-C15,../cpp-code-review.md,C-CPP-C15,04-cpp-correctness.md,tests/12-integration.md#cpp-c15,closed,"tools/api.* probes 87-107 + tools/api-pins.txt + tools/check-api-compare.py; tools/check-cli-source.sh operand misuse; per-host T12 tests (python/tests/test_t12_host_fixes.py, go/sel/t12_host_test.go + shared_values_race_test.go, lisp/tests/unit.lisp, cpp tsan-registry, tools/check-php-integration.php, tools/check-php-version.sh)","SPEC 8: flow-sensitive dependencies(); non-source/unsupported native/fractional/non-callable -> E_BAD_ARG; 8.1: missing-argument read E_BAD_ARG, thread-safe registration",six hosts agree on 107 API probes (24 pinned); race/TSan/-race lanes green
CPP-C16,../cpp-code-review.md,C-CPP-C7,04-cpp-correctness.md,tests/06-regex.md#cpp-c16,closed,"conformance/27-relational-edges, 28-regex-portability, 29-text-binary-budgets; host unit tests; tools/check-budgets.sh; tools/check-regex-resources.py","SPEC 7.3 snapshot iteration + total order; 7.4 direction/count always evaluated, join key by ==, right binder shadows; 7.8 P1-P4 + caps; 6.4 MAX_TEXT_LEN/MAX_COLLECTION/MAX_REGEX_*",all six hosts pass files 27-29 (P5 ambiguity cases 28b pending)
CPP-C17,../cpp-code-review.md,C-CPP-C10,04-cpp-correctness.md,tests/08-sql-scope.md#cpp-c17,closed,"sql/cases/48-scope-and-slots, 49-kind-guarantees, 50-rendering-and-registration, 51-hybrid-parity, 19, 25, 17; sql/oracle/hybrid.json + rows/expressions; tools/check-sql-budgets.sh; tools/check-hybrid-parity*; per-host SQL unit tests","docs/internals/sql-translation.md 7.4 (scope, E_SQL_SIZE MAX_SQL_NODES=250000), sql-kinds.md 5a (all-or-nothing SUM guard, UNKNOWN guards), 7.1 balanced fold >256, 11.6 count clamp 2^63-1, MAP.md 3.1 dialect registration, 4.2 {key:*} numericCast; 12.1 hybrid parity (keys, errors, context, order, names)",all six hosts sqlt 1265/1265 with reuse twin; oracle/hybrid lanes agree on SQLite (+ MariaDB/MySQL/PostgreSQL for PHP); PY-C1 site f closed
CPP-C18,../cpp-code-review.md,C-CPP-C18,04-cpp-correctness.md,tests/01-frontend.md#cpp-c18,closed,"conformance/26 lim.eval-depth.flat-chain-inside-*, num.plan.*, asg.compound.*; host unit tests",SPEC 6.4: index over bare variable costs one level; no host crash on flat chains in aggregate bodies; registered builtins guarded,"host lanes green; asan clean (cpp); race green (go); LISP-C44 not reproduced, hardening + test"
CPP-C19,../cpp-code-review.md,C-CPP-C3,04-cpp-correctness.md,tests/04-evaluation.md#cpp-c19,closed,"conformance/26 lim.eval-depth.flat-chain-inside-*, num.plan.*, asg.compound.*; host unit tests",SPEC 6.4: index over bare variable costs one level; no host crash on flat chains in aggregate bodies; registered builtins guarded,"host lanes green; asan clean (cpp); race green (go); LISP-C44 not reproduced, hardening + test"
CPP-C20,../cpp-code-review.md,C-CPP-C20,04-cpp-correctness.md,tests/02-decimal.md#cpp-c20,closed,"cpp/tests/unit.cpp test_decimal_native_edges, test_collector_copies_and_depth; conformance/24,25",SPEC 3.4; exact decimal core,"cpp unit 237, oracle 447->0 mismatches, ASan/UBSan clean on files 24/25"
CPP-C21,../cpp-code-review.md,C-CPP-C20,04-cpp-correctness.md,tests/02-decimal.md#cpp-c21,closed,"cpp/tests/unit.cpp test_decimal_native_edges, test_collector_copies_and_depth; conformance/24,25",SPEC 3.4; exact decimal core,"cpp unit 237, oracle 447->0 mismatches, ASan/UBSan clean on files 24/25"
CPP-C22,../cpp-code-review.md,C-CPP-C22,04-cpp-correctness.md,tests/02-decimal.md#cpp-c22,closed,"conformance/27-relational-edges, 28-regex-portability, 29-text-binary-budgets; host unit tests; tools/check-budgets.sh; tools/check-regex-resources.py","SPEC 7.3 snapshot iteration + total order; 7.4 direction/count always evaluated, join key by ==, right binder shadows; 7.8 P1-P4 + caps; 6.4 MAX_TEXT_LEN/MAX_COLLECTION/MAX_REGEX_*",all six hosts pass files 27-29 (P5 ambiguity cases 28b pending)
CPP-C23,../cpp-code-review.md,C-CPP-C10,04-cpp-correctness.md,tests/08-sql-scope.md#cpp-c23,closed,"sql/cases/48-scope-and-slots, 49-kind-guarantees, 50-rendering-and-registration, 51-hybrid-parity, 19, 25, 17; sql/oracle/hybrid.json + rows/expressions; tools/check-sql-budgets.sh; tools/check-hybrid-parity*; per-host SQL unit tests","docs/internals/sql-translation.md 7.4 (scope, E_SQL_SIZE MAX_SQL_NODES=250000), sql-kinds.md 5a (all-or-nothing SUM guard, UNKNOWN guards), 7.1 balanced fold >256, 11.6 count clamp 2^63-1, MAP.md 3.1 dialect registration, 4.2 {key:*} numericCast; 12.1 hybrid parity (keys, errors, context, order, names)",all six hosts sqlt 1265/1265 with reuse twin; oracle/hybrid lanes agree on SQLite (+ MariaDB/MySQL/PostgreSQL for PHP); PY-C1 site f closed
CPP-C24,../cpp-code-review.md,C-CPP-C20,04-cpp-correctness.md,tests/02-decimal.md#cpp-c24,closed,"cpp/tests/unit.cpp test_decimal_native_edges, test_collector_copies_and_depth; conformance/24,25",SPEC 3.4; exact decimal core,"cpp unit 237, oracle 447->0 mismatches, ASan/UBSan clean on files 24/25"
CPP-C25,../cpp-code-review.md,C-CPP-C25,04-cpp-correctness.md,tests/04-evaluation.md#cpp-c25,closed,"conformance/26-evaluation-order.selt (ord.*, alias.arith-operand-*); tools/check-eval-equivalence.{mjs,py,php}; host unit tests",SPEC 6.2 evaluate all operands then coerce; math plans pure optimisation,all six hosts 1600/1600; plain-vs-optimised 0 diffs
CPP-C26,../cpp-code-review.md,C-CPP-C7,04-cpp-correctness.md,tests/06-regex.md#cpp-c26,closed,"conformance/27-relational-edges, 28-regex-portability, 29-text-binary-budgets; host unit tests; tools/check-budgets.sh; tools/check-regex-resources.py","SPEC 7.3 snapshot iteration + total order; 7.4 direction/count always evaluated, join key by ==, right binder shadows; 7.8 P1-P4 + caps; 6.4 MAX_TEXT_LEN/MAX_COLLECTION/MAX_REGEX_*",all six hosts pass files 27-29 (P5 ambiguity cases 28b pending)
CPP-C27,../cpp-code-review.md,C-CPP-C7,04-cpp-correctness.md,tests/06-regex.md#cpp-c27,closed,"conformance/27-relational-edges, 28-regex-portability, 29-text-binary-budgets; host unit tests; tools/check-budgets.sh; tools/check-regex-resources.py","SPEC 7.3 snapshot iteration + total order; 7.4 direction/count always evaluated, join key by ==, right binder shadows; 7.8 P1-P4 + caps; 6.4 MAX_TEXT_LEN/MAX_COLLECTION/MAX_REGEX_*",all six hosts pass files 27-29 (P5 ambiguity cases 28b pending)
CPP-C28,../cpp-code-review.md,C-CPP-C7,04-cpp-correctness.md,tests/06-regex.md#cpp-c28,closed,"conformance/27-relational-edges, 28-regex-portability, 29-text-binary-budgets; host unit tests; tools/check-budgets.sh; tools/check-regex-resources.py","SPEC 7.3 snapshot iteration + total order; 7.4 direction/count always evaluated, join key by ==, right binder shadows; 7.8 P1-P4 + caps; 6.4 MAX_TEXT_LEN/MAX_COLLECTION/MAX_REGEX_*",all six hosts pass files 27-29 (P5 ambiguity cases 28b pending)
CPP-C29,../cpp-code-review.md,C-CPP-C29,04-cpp-correctness.md,tests/09-sql-kinds.md#cpp-c29,closed,"sql/cases/48-scope-and-slots, 49-kind-guarantees, 50-rendering-and-registration, 51-hybrid-parity, 19, 25, 17; sql/oracle/hybrid.json + rows/expressions; tools/check-sql-budgets.sh; tools/check-hybrid-parity*; per-host SQL unit tests","docs/internals/sql-translation.md 7.4 (scope, E_SQL_SIZE MAX_SQL_NODES=250000), sql-kinds.md 5a (all-or-nothing SUM guard, UNKNOWN guards), 7.1 balanced fold >256, 11.6 count clamp 2^63-1, MAP.md 3.1 dialect registration, 4.2 {key:*} numericCast; 12.1 hybrid parity (keys, errors, context, order, names)",all six hosts sqlt 1265/1265 with reuse twin; oracle/hybrid lanes agree on SQLite (+ MariaDB/MySQL/PostgreSQL for PHP); PY-C1 site f closed
CPP-C30,../cpp-code-review.md,C-CPP-C29,04-cpp-correctness.md,tests/09-sql-kinds.md#cpp-c30,closed,"sql/cases/48-scope-and-slots, 49-kind-guarantees, 50-rendering-and-registration, 51-hybrid-parity, 19, 25, 17; sql/oracle/hybrid.json + rows/expressions; tools/check-sql-budgets.sh; tools/check-hybrid-parity*; per-host SQL unit tests","docs/internals/sql-translation.md 7.4 (scope, E_SQL_SIZE MAX_SQL_NODES=250000), sql-kinds.md 5a (all-or-nothing SUM guard, UNKNOWN guards), 7.1 balanced fold >256, 11.6 count clamp 2^63-1, MAP.md 3.1 dialect registration, 4.2 {key:*} numericCast; 12.1 hybrid parity (keys, errors, context, order, names)",all six hosts sqlt 1265/1265 with reuse twin; oracle/hybrid lanes agree on SQLite (+ MariaDB/MySQL/PostgreSQL for PHP); PY-C1 site f closed
CPP-C31,../cpp-code-review.md,C-CPP-C29,04-cpp-correctness.md,tests/09-sql-kinds.md#cpp-c31,closed,,documentation wording,"docs/internals + sql/MAP.md 3.1 and docs/sql.md updated (server-mode assumptions, exact-column wording)"
CPP-C32,../cpp-code-review.md,C-CPP-C32,04-cpp-correctness.md,tests/10-sql-rendering.md#cpp-c32,closed,"sql/cases/48-scope-and-slots, 49-kind-guarantees, 50-rendering-and-registration, 51-hybrid-parity, 19, 25, 17; sql/oracle/hybrid.json + rows/expressions; tools/check-sql-budgets.sh; tools/check-hybrid-parity*; per-host SQL unit tests","docs/internals/sql-translation.md 7.4 (scope, E_SQL_SIZE MAX_SQL_NODES=250000), sql-kinds.md 5a (all-or-nothing SUM guard, UNKNOWN guards), 7.1 balanced fold >256, 11.6 count clamp 2^63-1, MAP.md 3.1 dialect registration, 4.2 {key:*} numericCast; 12.1 hybrid parity (keys, errors, context, order, names)",all six hosts sqlt 1265/1265 with reuse twin; oracle/hybrid lanes agree on SQLite (+ MariaDB/MySQL/PostgreSQL for PHP); PY-C1 site f closed
CPP-C33,../cpp-code-review.md,C-CPP-C33,04-cpp-correctness.md,tests/11-hybrid.md#cpp-c33,closed,"sql/cases/48-scope-and-slots, 49-kind-guarantees, 50-rendering-and-registration, 51-hybrid-parity, 19, 25, 17; sql/oracle/hybrid.json + rows/expressions; tools/check-sql-budgets.sh; tools/check-hybrid-parity*; per-host SQL unit tests","docs/internals/sql-translation.md 7.4 (scope, E_SQL_SIZE MAX_SQL_NODES=250000), sql-kinds.md 5a (all-or-nothing SUM guard, UNKNOWN guards), 7.1 balanced fold >256, 11.6 count clamp 2^63-1, MAP.md 3.1 dialect registration, 4.2 {key:*} numericCast; 12.1 hybrid parity (keys, errors, context, order, names)",all six hosts sqlt 1265/1265 with reuse twin; oracle/hybrid lanes agree on SQLite (+ MariaDB/MySQL/PostgreSQL for PHP); PY-C1 site f closed
CPP-C34,../cpp-code-review.md,C-CPP-C34,04-cpp-correctness.md,tests/11-hybrid.md#cpp-c34,closed,"sql/cases/48-scope-and-slots, 49-kind-guarantees, 50-rendering-and-registration, 51-hybrid-parity, 19, 25, 17; sql/oracle/hybrid.json + rows/expressions; tools/check-sql-budgets.sh; tools/check-hybrid-parity*; per-host SQL unit tests","docs/internals/sql-translation.md 7.4 (scope, E_SQL_SIZE MAX_SQL_NODES=250000), sql-kinds.md 5a (all-or-nothing SUM guard, UNKNOWN guards), 7.1 balanced fold >256, 11.6 count clamp 2^63-1, MAP.md 3.1 dialect registration, 4.2 {key:*} numericCast; 12.1 hybrid parity (keys, errors, context, order, names)",all six hosts sqlt 1265/1265 with reuse twin; oracle/hybrid lanes agree on SQLite (+ MariaDB/MySQL/PostgreSQL for PHP); PY-C1 site f closed
CPP-C35,../cpp-code-review.md,C-CPP-C35,04-cpp-correctness.md,tests/04-evaluation.md#cpp-c35,closed,,,fixed in C++ SQL wave: planner passes declared fields to the logical optimizer; pinned by 25/51 plan cases
CPP-C36,../cpp-code-review.md,C-CPP-C12,04-cpp-correctness.md,tests/10-sql-rendering.md#cpp-c36,closed,"sql/cases/48-scope-and-slots, 49-kind-guarantees, 50-rendering-and-registration, 51-hybrid-parity, 19, 25, 17; sql/oracle/hybrid.json + rows/expressions; tools/check-sql-budgets.sh; tools/check-hybrid-parity*; per-host SQL unit tests","docs/internals/sql-translation.md 7.4 (scope, E_SQL_SIZE MAX_SQL_NODES=250000), sql-kinds.md 5a (all-or-nothing SUM guard, UNKNOWN guards), 7.1 balanced fold >256, 11.6 count clamp 2^63-1, MAP.md 3.1 dialect registration, 4.2 {key:*} numericCast; 12.1 hybrid parity (keys, errors, context, order, names)",all six hosts sqlt 1265/1265 with reuse twin; oracle/hybrid lanes agree on SQLite (+ MariaDB/MySQL/PostgreSQL for PHP); PY-C1 site f closed
CPP-C37,../cpp-code-review.md,C-CPP-C37,04-cpp-correctness.md,tests/04-evaluation.md#cpp-c37,closed,"conformance/26-evaluation-order.selt (ord.*, alias.arith-operand-*); tools/check-eval-equivalence.{mjs,py,php}; host unit tests",SPEC 6.2 evaluate all operands then coerce; math plans pure optimisation,all six hosts 1600/1600; plain-vs-optimised 0 diffs
CPP-C38,../cpp-code-review.md,C-CPP-C38,04-cpp-correctness.md,tests/05-relational.md#cpp-c38,closed,"conformance/27-relational-edges, 28-regex-portability, 29-text-binary-budgets; host unit tests; tools/check-budgets.sh; tools/check-regex-resources.py","SPEC 7.3 snapshot iteration + total order; 7.4 direction/count always evaluated, join key by ==, right binder shadows; 7.8 P1-P4 + caps; 6.4 MAX_TEXT_LEN/MAX_COLLECTION/MAX_REGEX_*",all six hosts pass files 27-29 (P5 ambiguity cases 28b pending)
CPP-C39,../cpp-code-review.md,C-CPP-C39,04-cpp-correctness.md,tests/05-relational.md#cpp-c39,closed,"conformance/27-relational-edges, 28-regex-portability, 29-text-binary-budgets; host unit tests; tools/check-budgets.sh; tools/check-regex-resources.py","SPEC 7.3 snapshot iteration + total order; 7.4 direction/count always evaluated, join key by ==, right binder shadows; 7.8 P1-P4 + caps; 6.4 MAX_TEXT_LEN/MAX_COLLECTION/MAX_REGEX_*",all six hosts pass files 27-29 (P5 ambiguity cases 28b pending)
CPP-C40,../cpp-code-review.md,C-CPP-C40,04-cpp-correctness.md,tests/05-relational.md#cpp-c40,closed,"conformance/27-relational-edges, 28-regex-portability, 29-text-binary-budgets; host unit tests; tools/check-budgets.sh; tools/check-regex-resources.py","SPEC 7.3 snapshot iteration + total order; 7.4 direction/count always evaluated, join key by ==, right binder shadows; 7.8 P1-P4 + caps; 6.4 MAX_TEXT_LEN/MAX_COLLECTION/MAX_REGEX_*",all six hosts pass files 27-29 (P5 ambiguity cases 28b pending)
CPP-C41,../cpp-code-review.md,C-CPP-C20,04-cpp-correctness.md,tests/02-decimal.md#cpp-c41,closed,"cpp/tests/unit.cpp test_decimal_native_edges, test_collector_copies_and_depth; conformance/24,25",SPEC 3.4; exact decimal core,"cpp unit 237, oracle 447->0 mismatches, ASan/UBSan clean on files 24/25"
CPP-C42,../cpp-code-review.md,C-CPP-C42,04-cpp-correctness.md,tests/03-values.md#cpp-c42,closed,"cpp/tests/unit.cpp test_decimal_native_edges, test_collector_copies_and_depth; conformance/24,25",SPEC 3.4; exact decimal core,"cpp unit 237, oracle 447->0 mismatches, ASan/UBSan clean on files 24/25"
CPP-C43,../cpp-code-review.md,C-CPP-C43,04-cpp-correctness.md,tests/05-relational.md#cpp-c43,closed,"conformance/27-relational-edges, 28-regex-portability, 29-text-binary-budgets; host unit tests; tools/check-budgets.sh; tools/check-regex-resources.py","SPEC 7.3 snapshot iteration + total order; 7.4 direction/count always evaluated, join key by ==, right binder shadows; 7.8 P1-P4 + caps; 6.4 MAX_TEXT_LEN/MAX_COLLECTION/MAX_REGEX_*",all six hosts pass files 27-29 (P5 ambiguity cases 28b pending)
CPP-C44,../cpp-code-review.md,C-CPP-C44,04-cpp-correctness.md,tests/12-integration.md#cpp-c44,closed,"tools/api.* probes 87-107 + tools/api-pins.txt + tools/check-api-compare.py; tools/check-cli-source.sh operand misuse; per-host T12 tests (python/tests/test_t12_host_fixes.py, go/sel/t12_host_test.go + shared_values_race_test.go, lisp/tests/unit.lisp, cpp tsan-registry, tools/check-php-integration.php, tools/check-php-version.sh)","SPEC 8: flow-sensitive dependencies(); non-source/unsupported native/fractional/non-callable -> E_BAD_ARG; 8.1: missing-argument read E_BAD_ARG, thread-safe registration",six hosts agree on 107 API probes (24 pinned); race/TSan/-race lanes green
CPP-C45,../cpp-code-review.md,C-CPP-C45,04-cpp-correctness.md,tests/04-evaluation.md#cpp-c45,closed,conformance/26-evaluation-order.selt (opt.*),"SPEC 6.2/7.4: fusion only for numeric literal count>=1, keys before count, fused stage costs unfused depth; predicate cannot-raise only for BOOL literal; fused node keeps outer position",all six hosts green
CPP-C46,../cpp-code-review.md,C-CPP-C46,04-cpp-correctness.md,tests/04-evaluation.md#cpp-c46,closed,"conformance/26 lim.eval-depth.flat-chain-inside-*, num.plan.*, asg.compound.*; host unit tests",SPEC 6.4: index over bare variable costs one level; no host crash on flat chains in aggregate bodies; registered builtins guarded,"host lanes green; asan clean (cpp); race green (go); LISP-C44 not reproduced, hardening + test"
CPP-C47,../cpp-code-review.md,C-CPP-C47,04-cpp-correctness.md,tests/01-frontend.md#cpp-c47,closed,"conformance/14-pipeline.selt: pipe.placeholder.repeated(-three,-evaluates-once-per-placeholder), below-min-arity-is-a-plain-argument, binding-function-is-not-substituted; conformance/10-limits.selt: lim.pipe-depth(-just-under), lim.pipe-chain-*","grammar.md: every top-level bare _ replaced (textual, x evaluated once per placeholder); binding built-ins never substitute; SPEC 6.4: pipe-step parens cost one level (pinned, not changed)",Go break removed; all six hosts agree
CPP-C48,../cpp-code-review.md,C-CPP-C48,04-cpp-correctness.md,tests/01-frontend.md#cpp-c48,closed,"tools/check-cli-source.sh; per-host unit tests (check-js-runtime, check-php-runtime, python/tests/test_cli_source.py, cpp/tests/unit.cpp, lisp/tests/unit.lisp, go/sel/source_utf8_test.go)","SPEC 2: E_UTF8 at first invalid unit in code points of valid prefix; CLIs read bytes, no newline translation",check-cli-source.sh passes on all six hosts
CPP-C49,../cpp-code-review.md,C-CPP-C7,04-cpp-correctness.md,tests/06-regex.md#cpp-c49,closed,"conformance/27-relational-edges, 28-regex-portability, 29-text-binary-budgets; host unit tests; tools/check-budgets.sh; tools/check-regex-resources.py","SPEC 7.3 snapshot iteration + total order; 7.4 direction/count always evaluated, join key by ==, right binder shadows; 7.8 P1-P4 + caps; 6.4 MAX_TEXT_LEN/MAX_COLLECTION/MAX_REGEX_*",all six hosts pass files 27-29 (P5 ambiguity cases 28b pending)
CPP-C50,../cpp-code-review.md,C-CPP-C7,04-cpp-correctness.md,tests/06-regex.md#cpp-c50,closed,"conformance/27-relational-edges, 28-regex-portability, 29-text-binary-budgets; host unit tests; tools/check-budgets.sh; tools/check-regex-resources.py","SPEC 7.3 snapshot iteration + total order; 7.4 direction/count always evaluated, join key by ==, right binder shadows; 7.8 P1-P4 + caps; 6.4 MAX_TEXT_LEN/MAX_COLLECTION/MAX_REGEX_*",all six hosts pass files 27-29 (P5 ambiguity cases 28b pending)
CPP-C51,../cpp-code-review.md,C-CPP-C51,04-cpp-correctness.md,tests/07-text-binary.md#cpp-c51,closed,"conformance/27-relational-edges, 28-regex-portability, 29-text-binary-budgets; host unit tests; tools/check-budgets.sh; tools/check-regex-resources.py","SPEC 7.3 snapshot iteration + total order; 7.4 direction/count always evaluated, join key by ==, right binder shadows; 7.8 P1-P4 + caps; 6.4 MAX_TEXT_LEN/MAX_COLLECTION/MAX_REGEX_*",all six hosts pass files 27-29 (P5 ambiguity cases 28b pending)
CPP-C52,../cpp-code-review.md,C-CPP-C52,04-cpp-correctness.md,tests/07-text-binary.md#cpp-c52,closed,"conformance/27-relational-edges, 28-regex-portability, 29-text-binary-budgets; host unit tests; tools/check-budgets.sh; tools/check-regex-resources.py","SPEC 7.3 snapshot iteration + total order; 7.4 direction/count always evaluated, join key by ==, right binder shadows; 7.8 P1-P4 + caps; 6.4 MAX_TEXT_LEN/MAX_COLLECTION/MAX_REGEX_*",all six hosts pass files 27-29 (P5 ambiguity cases 28b pending)
CPP-C53,../cpp-code-review.md,C-CPP-C12,04-cpp-correctness.md,tests/10-sql-rendering.md#cpp-c53,closed,"sql/cases/48-scope-and-slots, 49-kind-guarantees, 50-rendering-and-registration, 51-hybrid-parity, 19, 25, 17; sql/oracle/hybrid.json + rows/expressions; tools/check-sql-budgets.sh; tools/check-hybrid-parity*; per-host SQL unit tests","docs/internals/sql-translation.md 7.4 (scope, E_SQL_SIZE MAX_SQL_NODES=250000), sql-kinds.md 5a (all-or-nothing SUM guard, UNKNOWN guards), 7.1 balanced fold >256, 11.6 count clamp 2^63-1, MAP.md 3.1 dialect registration, 4.2 {key:*} numericCast; 12.1 hybrid parity (keys, errors, context, order, names)",all six hosts sqlt 1265/1265 with reuse twin; oracle/hybrid lanes agree on SQLite (+ MariaDB/MySQL/PostgreSQL for PHP); PY-C1 site f closed
CPP-C54,../cpp-code-review.md,C-CPP-C54,04-cpp-correctness.md,tests/11-hybrid.md#cpp-c54,closed,"sql/cases/48-scope-and-slots, 49-kind-guarantees, 50-rendering-and-registration, 51-hybrid-parity, 19, 25, 17; sql/oracle/hybrid.json + rows/expressions; tools/check-sql-budgets.sh; tools/check-hybrid-parity*; per-host SQL unit tests","docs/internals/sql-translation.md 7.4 (scope, E_SQL_SIZE MAX_SQL_NODES=250000), sql-kinds.md 5a (all-or-nothing SUM guard, UNKNOWN guards), 7.1 balanced fold >256, 11.6 count clamp 2^63-1, MAP.md 3.1 dialect registration, 4.2 {key:*} numericCast; 12.1 hybrid parity (keys, errors, context, order, names)",all six hosts sqlt 1265/1265 with reuse twin; oracle/hybrid lanes agree on SQLite (+ MariaDB/MySQL/PostgreSQL for PHP); PY-C1 site f closed
CPP-C55,../cpp-code-review.md,C-CPP-C55,04-cpp-correctness.md,tests/10-sql-rendering.md#cpp-c55,closed,"sql/cases/48-scope-and-slots, 49-kind-guarantees, 50-rendering-and-registration, 51-hybrid-parity, 19, 25, 17; sql/oracle/hybrid.json + rows/expressions; tools/check-sql-budgets.sh; tools/check-hybrid-parity*; per-host SQL unit tests","docs/internals/sql-translation.md 7.4 (scope, E_SQL_SIZE MAX_SQL_NODES=250000), sql-kinds.md 5a (all-or-nothing SUM guard, UNKNOWN guards), 7.1 balanced fold >256, 11.6 count clamp 2^63-1, MAP.md 3.1 dialect registration, 4.2 {key:*} numericCast; 12.1 hybrid parity (keys, errors, context, order, names)",all six hosts sqlt 1265/1265 with reuse twin; oracle/hybrid lanes agree on SQLite (+ MariaDB/MySQL/PostgreSQL for PHP); PY-C1 site f closed
CPP-C56,../cpp-code-review.md,C-CPP-C56,04-cpp-correctness.md,tests/10-sql-rendering.md#cpp-c56,closed,"sql/cases/48-scope-and-slots, 49-kind-guarantees, 50-rendering-and-registration, 51-hybrid-parity, 19, 25, 17; sql/oracle/hybrid.json + rows/expressions; tools/check-sql-budgets.sh; tools/check-hybrid-parity*; per-host SQL unit tests","docs/internals/sql-translation.md 7.4 (scope, E_SQL_SIZE MAX_SQL_NODES=250000), sql-kinds.md 5a (all-or-nothing SUM guard, UNKNOWN guards), 7.1 balanced fold >256, 11.6 count clamp 2^63-1, MAP.md 3.1 dialect registration, 4.2 {key:*} numericCast; 12.1 hybrid parity (keys, errors, context, order, names)",all six hosts sqlt 1265/1265 with reuse twin; oracle/hybrid lanes agree on SQLite (+ MariaDB/MySQL/PostgreSQL for PHP); PY-C1 site f closed
CPP-C57,../cpp-code-review.md,C-CPP-C57,04-cpp-correctness.md,tests/10-sql-rendering.md#cpp-c57,closed,"sql/cases/48-scope-and-slots, 49-kind-guarantees, 50-rendering-and-registration, 51-hybrid-parity, 19, 25, 17; sql/oracle/hybrid.json + rows/expressions; tools/check-sql-budgets.sh; tools/check-hybrid-parity*; per-host SQL unit tests","docs/internals/sql-translation.md 7.4 (scope, E_SQL_SIZE MAX_SQL_NODES=250000), sql-kinds.md 5a (all-or-nothing SUM guard, UNKNOWN guards), 7.1 balanced fold >256, 11.6 count clamp 2^63-1, MAP.md 3.1 dialect registration, 4.2 {key:*} numericCast; 12.1 hybrid parity (keys, errors, context, order, names)",all six hosts sqlt 1265/1265 with reuse twin; oracle/hybrid lanes agree on SQLite (+ MariaDB/MySQL/PostgreSQL for PHP); PY-C1 site f closed
CPP-C58,../cpp-code-review.md,C-CPP-C55,04-cpp-correctness.md,tests/10-sql-rendering.md#cpp-c58,closed,"sql/cases/48-scope-and-slots, 49-kind-guarantees, 50-rendering-and-registration, 51-hybrid-parity, 19, 25, 17; sql/oracle/hybrid.json + rows/expressions; tools/check-sql-budgets.sh; tools/check-hybrid-parity*; per-host SQL unit tests","docs/internals/sql-translation.md 7.4 (scope, E_SQL_SIZE MAX_SQL_NODES=250000), sql-kinds.md 5a (all-or-nothing SUM guard, UNKNOWN guards), 7.1 balanced fold >256, 11.6 count clamp 2^63-1, MAP.md 3.1 dialect registration, 4.2 {key:*} numericCast; 12.1 hybrid parity (keys, errors, context, order, names)",all six hosts sqlt 1265/1265 with reuse twin; oracle/hybrid lanes agree on SQLite (+ MariaDB/MySQL/PostgreSQL for PHP); PY-C1 site f closed
CPP-C59,../cpp-code-review.md,C-CPP-C59,04-cpp-correctness.md,tests/09-sql-kinds.md#cpp-c59,closed,"sql/cases/48-scope-and-slots, 49-kind-guarantees, 50-rendering-and-registration, 51-hybrid-parity, 19, 25, 17; sql/oracle/hybrid.json + rows/expressions; tools/check-sql-budgets.sh; tools/check-hybrid-parity*; per-host SQL unit tests","docs/internals/sql-translation.md 7.4 (scope, E_SQL_SIZE MAX_SQL_NODES=250000), sql-kinds.md 5a (all-or-nothing SUM guard, UNKNOWN guards), 7.1 balanced fold >256, 11.6 count clamp 2^63-1, MAP.md 3.1 dialect registration, 4.2 {key:*} numericCast; 12.1 hybrid parity (keys, errors, context, order, names)",all six hosts sqlt 1265/1265 with reuse twin; oracle/hybrid lanes agree on SQLite (+ MariaDB/MySQL/PostgreSQL for PHP); PY-C1 site f closed
CPP-C60,../cpp-code-review.md,C-CPP-C60,04-cpp-correctness.md,tests/11-hybrid.md#cpp-c60,closed,"sql/cases/48-scope-and-slots, 49-kind-guarantees, 50-rendering-and-registration, 51-hybrid-parity, 19, 25, 17; sql/oracle/hybrid.json + rows/expressions; tools/check-sql-budgets.sh; tools/check-hybrid-parity*; per-host SQL unit tests","docs/internals/sql-translation.md 7.4 (scope, E_SQL_SIZE MAX_SQL_NODES=250000), sql-kinds.md 5a (all-or-nothing SUM guard, UNKNOWN guards), 7.1 balanced fold >256, 11.6 count clamp 2^63-1, MAP.md 3.1 dialect registration, 4.2 {key:*} numericCast; 12.1 hybrid parity (keys, errors, context, order, names)",all six hosts sqlt 1265/1265 with reuse twin; oracle/hybrid lanes agree on SQLite (+ MariaDB/MySQL/PostgreSQL for PHP); PY-C1 site f closed
CPP-P1,../cpp-code-review.md,P-CPP-P1,performance/cpp.md,performance/cpp.md#cpp-p1,closed,tools/perf/cpp/,implemented,performance/results/cpp.md (CPP-P1 row); benchmark tools/perf/cpp/
CPP-P2,../cpp-code-review.md,P-CPP-P2,performance/cpp.md,performance/cpp.md#cpp-p2,closed,tools/perf/cpp/,implemented,performance/results/cpp.md (CPP-P2 row); benchmark tools/perf/cpp/
CPP-P3,../cpp-code-review.md,P-CPP-P3,performance/cpp.md,performance/cpp.md#cpp-p3,closed,tools/perf/cpp/,already-addressed: SQL balanced fold above 256 operands,performance/results/cpp.md (CPP-P3 row); benchmark tools/perf/cpp/
CPP-P4,../cpp-code-review.md,P-CPP-P4,performance/cpp.md,performance/cpp.md#cpp-p4,closed,tools/perf/cpp/,implemented,performance/results/cpp.md (CPP-P4 row); benchmark tools/perf/cpp/
CPP-P5,../cpp-code-review.md,P-CPP-P5,performance/cpp.md,performance/cpp.md#cpp-p5,closed,tools/perf/cpp/,implemented,performance/results/cpp.md (CPP-P5 row); benchmark tools/perf/cpp/
CPP-P6,../cpp-code-review.md,P-CPP-P6,performance/cpp.md,performance/cpp.md#cpp-p6,closed,tools/perf/cpp/,implemented,performance/results/cpp.md (CPP-P6 row); benchmark tools/perf/cpp/
CPP-P7,../cpp-code-review.md,P-CPP-P7,performance/cpp.md,performance/cpp.md#cpp-p7,closed,tools/perf/cpp/,implemented,performance/results/cpp.md (CPP-P7 row); benchmark tools/perf/cpp/
CPP-P8,../cpp-code-review.md,P-CPP-P8,performance/cpp.md,performance/cpp.md#cpp-p8,deferred,tools/perf/cpp/,"deferred: numeric Value footprint (Impl 72 B + Dec 96 B): high risk, estimated <=20-30% on numeric loops","performance/results/cpp.md (CPP-P8 row); benchmark tools/perf/cpp/; reconsider when the CPP-REG-1 per-node-cost work (inline small decimal, as in the Rust host) is scheduled — revisit together"
CPP-P9,../cpp-code-review.md,P-CPP-P9,performance/cpp.md,performance/cpp.md#cpp-p9,closed,tools/perf/cpp/,implemented,performance/results/cpp.md (CPP-P9 row); benchmark tools/perf/cpp/
CPP-P10,../cpp-code-review.md,P-CPP-P10,performance/cpp.md,performance/cpp.md#cpp-p10,closed,tools/perf/cpp/,rejected: decorated sort keys: no measurable gain,performance/results/cpp.md (CPP-P10 row); benchmark tools/perf/cpp/
CPP-P11,../cpp-code-review.md,P-CPP-P11,performance/cpp.md,performance/cpp.md#cpp-p11,closed,tools/perf/cpp/,implemented,performance/results/cpp.md (CPP-P11 row); benchmark tools/perf/cpp/
CPP-P12,../cpp-code-review.md,P-CPP-P12,performance/cpp.md,performance/cpp.md#cpp-p12,closed,tools/perf/cpp/,implemented,performance/results/cpp.md (CPP-P12 row); benchmark tools/perf/cpp/
CPP-P13,../cpp-code-review.md,P-CPP-P13,performance/cpp.md,performance/cpp.md#cpp-p13,closed,tools/perf/cpp/,implemented,performance/results/cpp.md (CPP-P13 row); benchmark tools/perf/cpp/
CPP-P14,../cpp-code-review.md,P-CPP-P14,performance/cpp.md,performance/cpp.md#cpp-p14,closed,tools/perf/cpp/,implemented,performance/results/cpp.md (CPP-P14 row); benchmark tools/perf/cpp/
CPP-P15,../cpp-code-review.md,P-CPP-P15,performance/cpp.md,performance/cpp.md#cpp-p15,closed,tools/perf/cpp/,implemented,performance/results/cpp.md (CPP-P15 row); benchmark tools/perf/cpp/
CPP-P16,../cpp-code-review.md,P-CPP-P16,performance/cpp.md,performance/cpp.md#cpp-p16,closed,cpp/tests/regex_race.cpp,implemented,performance/results/cpp.md (CPP-P16 row); benchmark cpp/tests/regex_race.cpp
CPP-P17,../cpp-code-review.md,P-CPP-P17,performance/cpp.md,performance/cpp.md#cpp-p17,closed,tools/perf/cpp/,implemented,performance/results/cpp.md (CPP-P17 row); benchmark tools/perf/cpp/
CPP-P18,../cpp-code-review.md,P-CPP-P18,performance/cpp.md,performance/cpp.md#cpp-p18,closed,tools/perf/cpp/,implemented,performance/results/cpp.md (CPP-P18 row); benchmark tools/perf/cpp/
CPP-P19,../cpp-code-review.md,P-CPP-P19,performance/cpp.md,performance/cpp.md#cpp-p19,closed,tools/perf/cpp/,implemented,performance/results/cpp.md (CPP-P19 row); benchmark tools/perf/cpp/
CPP-P20,../cpp-code-review.md,P-CPP-P20,performance/cpp.md,performance/cpp.md#cpp-p20,closed,tools/perf/cpp/,implemented,performance/results/cpp.md (CPP-P20 row); benchmark tools/perf/cpp/
CPP-P21,../cpp-code-review.md,P-CPP-P21,performance/cpp.md,performance/cpp.md#cpp-p21,closed,tools/perf/cpp/,implemented,performance/results/cpp.md (CPP-P21 row); benchmark tools/perf/cpp/
CPP-P22,../cpp-code-review.md,P-CPP-P22,performance/cpp.md,performance/cpp.md#cpp-p22,closed,tools/perf/cpp/,implemented,performance/results/cpp.md (CPP-P22 row); benchmark tools/perf/cpp/
CPP-P23,../cpp-code-review.md,P-CPP-P23,performance/cpp.md,performance/cpp.md#cpp-p23,closed,tools/perf/cpp/,implemented,performance/results/cpp.md (CPP-P23 row); benchmark tools/perf/cpp/
CPP-P24,../cpp-code-review.md,P-CPP-P24,performance/cpp.md,performance/cpp.md#cpp-p24,closed,tools/perf/cpp/,implemented (partly): remaining sub-items measured and deferred/rejected in the round-3 row,performance/results/cpp.md (CPP-P24 row); benchmark tools/perf/cpp/
CPP-P25,../cpp-code-review.md,P-CPP-P25,performance/cpp.md,performance/cpp.md#cpp-p25,closed,tools/perf/cpp/,implemented (partly): remaining sub-items measured and deferred/rejected in the round-3 row,performance/results/cpp.md (CPP-P25 row); benchmark tools/perf/cpp/
LISP-C1,../lisp-code-review.md,C-LISP-C1,05-lisp-correctness.md,tests/05-relational.md#lisp-c1,closed,"conformance/27-relational-edges, 28-regex-portability, 29-text-binary-budgets; host unit tests; tools/check-budgets.sh; tools/check-regex-resources.py","SPEC 7.3 snapshot iteration + total order; 7.4 direction/count always evaluated, join key by ==, right binder shadows; 7.8 P1-P4 + caps; 6.4 MAX_TEXT_LEN/MAX_COLLECTION/MAX_REGEX_*",all six hosts pass files 27-29 (P5 ambiguity cases 28b pending)
LISP-C2,../lisp-code-review.md,C-LISP-C2,05-lisp-correctness.md,tests/03-values.md#lisp-c2,closed,"lisp/tests/unit.lisp (7 new); conformance/24,25",SPEC 3.4; from-native E_BAD_ARG,lisp test 658 pass
LISP-C3,../lisp-code-review.md,C-LISP-C3,05-lisp-correctness.md,tests/06-regex.md#lisp-c3,closed,"conformance/27-relational-edges, 28-regex-portability, 29-text-binary-budgets; host unit tests; tools/check-budgets.sh; tools/check-regex-resources.py","SPEC 7.3 snapshot iteration + total order; 7.4 direction/count always evaluated, join key by ==, right binder shadows; 7.8 P1-P4 + caps; 6.4 MAX_TEXT_LEN/MAX_COLLECTION/MAX_REGEX_*",all six hosts pass files 27-29 (P5 ambiguity cases 28b pending)
LISP-C4,../lisp-code-review.md,C-LISP-C4,05-lisp-correctness.md,tests/01-frontend.md#lisp-c4,closed,"conformance/10-limits.selt: lim.interp-depth(-just-under,-3000), lex.unterminated.deep-brace-run(-short); conformance/01-lexical.selt: lex.interp.unbalanced-*, lex.interp.balanced-*; tools/stress.sh interp-*","SPEC 2 + 6.4: interpolation lexed iteratively in linear time (explicit task stack, memoised brace matching); body parens/brackets must balance inside braces (E_SYNTAX at stray closer / at the closing brace)",old-vs-new lexer differential 0 diffs per host (100k-300k random strings); 100k-level nest in <2s on every host
LISP-C5,../lisp-code-review.md,C-LISP-C1,05-lisp-correctness.md,tests/05-relational.md#lisp-c5,closed,"conformance/27-relational-edges, 28-regex-portability, 29-text-binary-budgets; host unit tests; tools/check-budgets.sh; tools/check-regex-resources.py","SPEC 7.3 snapshot iteration + total order; 7.4 direction/count always evaluated, join key by ==, right binder shadows; 7.8 P1-P4 + caps; 6.4 MAX_TEXT_LEN/MAX_COLLECTION/MAX_REGEX_*",all six hosts pass files 27-29 (P5 ambiguity cases 28b pending)
LISP-C6,../lisp-code-review.md,C-LISP-C6,05-lisp-correctness.md,tests/08-sql-scope.md#lisp-c6,closed,"sql/cases/48-scope-and-slots, 49-kind-guarantees, 50-rendering-and-registration, 51-hybrid-parity, 19, 25, 17; sql/oracle/hybrid.json + rows/expressions; tools/check-sql-budgets.sh; tools/check-hybrid-parity*; per-host SQL unit tests","docs/internals/sql-translation.md 7.4 (scope, E_SQL_SIZE MAX_SQL_NODES=250000), sql-kinds.md 5a (all-or-nothing SUM guard, UNKNOWN guards), 7.1 balanced fold >256, 11.6 count clamp 2^63-1, MAP.md 3.1 dialect registration, 4.2 {key:*} numericCast; 12.1 hybrid parity (keys, errors, context, order, names)",all six hosts sqlt 1265/1265 with reuse twin; oracle/hybrid lanes agree on SQLite (+ MariaDB/MySQL/PostgreSQL for PHP); PY-C1 site f closed
LISP-C7,../lisp-code-review.md,C-LISP-C6,05-lisp-correctness.md,tests/08-sql-scope.md#lisp-c7,closed,"sql/cases/48-scope-and-slots, 49-kind-guarantees, 50-rendering-and-registration, 51-hybrid-parity, 19, 25, 17; sql/oracle/hybrid.json + rows/expressions; tools/check-sql-budgets.sh; tools/check-hybrid-parity*; per-host SQL unit tests","docs/internals/sql-translation.md 7.4 (scope, E_SQL_SIZE MAX_SQL_NODES=250000), sql-kinds.md 5a (all-or-nothing SUM guard, UNKNOWN guards), 7.1 balanced fold >256, 11.6 count clamp 2^63-1, MAP.md 3.1 dialect registration, 4.2 {key:*} numericCast; 12.1 hybrid parity (keys, errors, context, order, names)",all six hosts sqlt 1265/1265 with reuse twin; oracle/hybrid lanes agree on SQLite (+ MariaDB/MySQL/PostgreSQL for PHP); PY-C1 site f closed
LISP-C8,../lisp-code-review.md,C-LISP-C8,05-lisp-correctness.md,tests/11-hybrid.md#lisp-c8,closed,"sql/cases/48-scope-and-slots, 49-kind-guarantees, 50-rendering-and-registration, 51-hybrid-parity, 19, 25, 17; sql/oracle/hybrid.json + rows/expressions; tools/check-sql-budgets.sh; tools/check-hybrid-parity*; per-host SQL unit tests","docs/internals/sql-translation.md 7.4 (scope, E_SQL_SIZE MAX_SQL_NODES=250000), sql-kinds.md 5a (all-or-nothing SUM guard, UNKNOWN guards), 7.1 balanced fold >256, 11.6 count clamp 2^63-1, MAP.md 3.1 dialect registration, 4.2 {key:*} numericCast; 12.1 hybrid parity (keys, errors, context, order, names)",all six hosts sqlt 1265/1265 with reuse twin; oracle/hybrid lanes agree on SQLite (+ MariaDB/MySQL/PostgreSQL for PHP); PY-C1 site f closed
LISP-C9,../lisp-code-review.md,C-LISP-C1,05-lisp-correctness.md,tests/05-relational.md#lisp-c9,closed,"conformance/27-relational-edges, 28-regex-portability, 29-text-binary-budgets; host unit tests; tools/check-budgets.sh; tools/check-regex-resources.py","SPEC 7.3 snapshot iteration + total order; 7.4 direction/count always evaluated, join key by ==, right binder shadows; 7.8 P1-P4 + caps; 6.4 MAX_TEXT_LEN/MAX_COLLECTION/MAX_REGEX_*",all six hosts pass files 27-29 (P5 ambiguity cases 28b pending)
LISP-C10,../lisp-code-review.md,C-LISP-C3,05-lisp-correctness.md,tests/06-regex.md#lisp-c10,closed,"conformance/27-relational-edges, 28-regex-portability, 29-text-binary-budgets; host unit tests; tools/check-budgets.sh; tools/check-regex-resources.py","SPEC 7.3 snapshot iteration + total order; 7.4 direction/count always evaluated, join key by ==, right binder shadows; 7.8 P1-P4 + caps; 6.4 MAX_TEXT_LEN/MAX_COLLECTION/MAX_REGEX_*",all six hosts pass files 27-29 (P5 ambiguity cases 28b pending)
LISP-C11,../lisp-code-review.md,C-LISP-C3,05-lisp-correctness.md,tests/06-regex.md#lisp-c11,closed,"conformance/27-relational-edges, 28-regex-portability, 29-text-binary-budgets; host unit tests; tools/check-budgets.sh; tools/check-regex-resources.py","SPEC 7.3 snapshot iteration + total order; 7.4 direction/count always evaluated, join key by ==, right binder shadows; 7.8 P1-P4 + caps; 6.4 MAX_TEXT_LEN/MAX_COLLECTION/MAX_REGEX_*",all six hosts pass files 27-29 (P5 ambiguity cases 28b pending)
LISP-C12,../lisp-code-review.md,C-LISP-C12,05-lisp-correctness.md,tests/12-integration.md#lisp-c12,closed,"tools/api.* probes 87-107 + tools/api-pins.txt + tools/check-api-compare.py; tools/check-cli-source.sh operand misuse; per-host T12 tests (python/tests/test_t12_host_fixes.py, go/sel/t12_host_test.go + shared_values_race_test.go, lisp/tests/unit.lisp, cpp tsan-registry, tools/check-php-integration.php, tools/check-php-version.sh)","SPEC 8: flow-sensitive dependencies(); non-source/unsupported native/fractional/non-callable -> E_BAD_ARG; 8.1: missing-argument read E_BAD_ARG, thread-safe registration",six hosts agree on 107 API probes (24 pinned); race/TSan/-race lanes green
LISP-C13,../lisp-code-review.md,C-LISP-C13,05-lisp-correctness.md,tests/04-evaluation.md#lisp-c13,closed,"conformance/26-evaluation-order.selt (ord.*, alias.arith-operand-*); tools/check-eval-equivalence.{mjs,py,php}; host unit tests",SPEC 6.2 evaluate all operands then coerce; math plans pure optimisation,all six hosts 1600/1600; plain-vs-optimised 0 diffs
LISP-C14,../lisp-code-review.md,C-LISP-C13,05-lisp-correctness.md,tests/04-evaluation.md#lisp-c14,closed,conformance/26-evaluation-order.selt (opt.*),"SPEC 6.2/7.4: fusion only for numeric literal count>=1, keys before count, fused stage costs unfused depth; predicate cannot-raise only for BOOL literal; fused node keeps outer position",all six hosts green
LISP-C15,../lisp-code-review.md,C-LISP-C13,05-lisp-correctness.md,tests/04-evaluation.md#lisp-c15,closed,conformance/26-evaluation-order.selt (opt.*),"SPEC 6.2/7.4: fusion only for numeric literal count>=1, keys before count, fused stage costs unfused depth; predicate cannot-raise only for BOOL literal; fused node keeps outer position",all six hosts green
LISP-C16,../lisp-code-review.md,C-LISP-C16,05-lisp-correctness.md,tests/05-relational.md#lisp-c16,closed,"conformance/27-relational-edges, 28-regex-portability, 29-text-binary-budgets; host unit tests; tools/check-budgets.sh; tools/check-regex-resources.py","SPEC 7.3 snapshot iteration + total order; 7.4 direction/count always evaluated, join key by ==, right binder shadows; 7.8 P1-P4 + caps; 6.4 MAX_TEXT_LEN/MAX_COLLECTION/MAX_REGEX_*",all six hosts pass files 27-29 (P5 ambiguity cases 28b pending)
LISP-C17,../lisp-code-review.md,C-LISP-C1,05-lisp-correctness.md,tests/05-relational.md#lisp-c17,closed,"conformance/27-relational-edges, 28-regex-portability, 29-text-binary-budgets; host unit tests; tools/check-budgets.sh; tools/check-regex-resources.py","SPEC 7.3 snapshot iteration + total order; 7.4 direction/count always evaluated, join key by ==, right binder shadows; 7.8 P1-P4 + caps; 6.4 MAX_TEXT_LEN/MAX_COLLECTION/MAX_REGEX_*",all six hosts pass files 27-29 (P5 ambiguity cases 28b pending)
LISP-C18,../lisp-code-review.md,C-LISP-C3,05-lisp-correctness.md,tests/06-regex.md#lisp-c18,closed,"conformance/27-relational-edges, 28-regex-portability, 29-text-binary-budgets; host unit tests; tools/check-budgets.sh; tools/check-regex-resources.py","SPEC 7.3 snapshot iteration + total order; 7.4 direction/count always evaluated, join key by ==, right binder shadows; 7.8 P1-P4 + caps; 6.4 MAX_TEXT_LEN/MAX_COLLECTION/MAX_REGEX_*",all six hosts pass files 27-29 (P5 ambiguity cases 28b pending)
LISP-C19,../lisp-code-review.md,C-LISP-C3,05-lisp-correctness.md,tests/06-regex.md#lisp-c19,closed,conformance/28b-regex-ambiguity.selt (116); tools/regex-ambiguity-ref.py; tools/check-regex-ambiguity-diff.py; tools/check-regex-resources.py,"SPEC 7.8: static exponential-ambiguity rule (position automaton, EDA, budget 16), identical in all six hosts",116/116 on all six hosts; 0 mismatches vs reference over 24k-80k random patterns per host; resource probes clean
LISP-C20,../lisp-code-review.md,C-LISP-C20,05-lisp-correctness.md,tests/07-text-binary.md#lisp-c20,closed,"conformance/27-relational-edges, 28-regex-portability, 29-text-binary-budgets; host unit tests; tools/check-budgets.sh; tools/check-regex-resources.py","SPEC 7.3 snapshot iteration + total order; 7.4 direction/count always evaluated, join key by ==, right binder shadows; 7.8 P1-P4 + caps; 6.4 MAX_TEXT_LEN/MAX_COLLECTION/MAX_REGEX_*",all six hosts pass files 27-29 (P5 ambiguity cases 28b pending)
LISP-C21,../lisp-code-review.md,C-LISP-C21,05-lisp-correctness.md,tests/01-frontend.md#lisp-c21,closed,"conformance/10-limits.selt: lim.coalesce-depth, lim.coalesce-depth-just-under, lim.vacuous-coalesce-depth(-just-under), lim.coalesce-depth-mixed; tools/stress.sh coalesce-*",SPEC 6.4: each ?? / ??? costs one level charged at the operator (like assignment); error on the primary after the 199th,"all six hosts enter()/leave() in the R-assoc branch; conformance 1120/1120 on js, js-bundle-min, php, cpp, lisp, go, python"
LISP-C22,../lisp-code-review.md,C-LISP-C22,05-lisp-correctness.md,tests/02-decimal.md#lisp-c22,closed,"lisp/tests/unit.lisp (7 new); conformance/24,25",SPEC 3.4; from-native E_BAD_ARG,lisp test 658 pass
LISP-C23,../lisp-code-review.md,C-LISP-C23,05-lisp-correctness.md,tests/08-sql-scope.md#lisp-c23,closed,"sql/cases/48-scope-and-slots, 49-kind-guarantees, 50-rendering-and-registration, 51-hybrid-parity, 19, 25, 17; sql/oracle/hybrid.json + rows/expressions; tools/check-sql-budgets.sh; tools/check-hybrid-parity*; per-host SQL unit tests","docs/internals/sql-translation.md 7.4 (scope, E_SQL_SIZE MAX_SQL_NODES=250000), sql-kinds.md 5a (all-or-nothing SUM guard, UNKNOWN guards), 7.1 balanced fold >256, 11.6 count clamp 2^63-1, MAP.md 3.1 dialect registration, 4.2 {key:*} numericCast; 12.1 hybrid parity (keys, errors, context, order, names)",all six hosts sqlt 1265/1265 with reuse twin; oracle/hybrid lanes agree on SQLite (+ MariaDB/MySQL/PostgreSQL for PHP); PY-C1 site f closed
LISP-C24,../lisp-code-review.md,C-LISP-C24,05-lisp-correctness.md,tests/09-sql-kinds.md#lisp-c24,closed,"sql/cases/48-scope-and-slots, 49-kind-guarantees, 50-rendering-and-registration, 51-hybrid-parity, 19, 25, 17; sql/oracle/hybrid.json + rows/expressions; tools/check-sql-budgets.sh; tools/check-hybrid-parity*; per-host SQL unit tests","docs/internals/sql-translation.md 7.4 (scope, E_SQL_SIZE MAX_SQL_NODES=250000), sql-kinds.md 5a (all-or-nothing SUM guard, UNKNOWN guards), 7.1 balanced fold >256, 11.6 count clamp 2^63-1, MAP.md 3.1 dialect registration, 4.2 {key:*} numericCast; 12.1 hybrid parity (keys, errors, context, order, names)",all six hosts sqlt 1265/1265 with reuse twin; oracle/hybrid lanes agree on SQLite (+ MariaDB/MySQL/PostgreSQL for PHP); PY-C1 site f closed
LISP-C25,../lisp-code-review.md,C-LISP-C25,05-lisp-correctness.md,tests/09-sql-kinds.md#lisp-c25,closed,"sql/cases/48-scope-and-slots, 49-kind-guarantees, 50-rendering-and-registration, 51-hybrid-parity, 19, 25, 17; sql/oracle/hybrid.json + rows/expressions; tools/check-sql-budgets.sh; tools/check-hybrid-parity*; per-host SQL unit tests","docs/internals/sql-translation.md 7.4 (scope, E_SQL_SIZE MAX_SQL_NODES=250000), sql-kinds.md 5a (all-or-nothing SUM guard, UNKNOWN guards), 7.1 balanced fold >256, 11.6 count clamp 2^63-1, MAP.md 3.1 dialect registration, 4.2 {key:*} numericCast; 12.1 hybrid parity (keys, errors, context, order, names)",all six hosts sqlt 1265/1265 with reuse twin; oracle/hybrid lanes agree on SQLite (+ MariaDB/MySQL/PostgreSQL for PHP); PY-C1 site f closed
LISP-C26,../lisp-code-review.md,C-LISP-C26,05-lisp-correctness.md,tests/11-hybrid.md#lisp-c26,closed,"sql/cases/48-scope-and-slots, 49-kind-guarantees, 50-rendering-and-registration, 51-hybrid-parity, 19, 25, 17; sql/oracle/hybrid.json + rows/expressions; tools/check-sql-budgets.sh; tools/check-hybrid-parity*; per-host SQL unit tests","docs/internals/sql-translation.md 7.4 (scope, E_SQL_SIZE MAX_SQL_NODES=250000), sql-kinds.md 5a (all-or-nothing SUM guard, UNKNOWN guards), 7.1 balanced fold >256, 11.6 count clamp 2^63-1, MAP.md 3.1 dialect registration, 4.2 {key:*} numericCast; 12.1 hybrid parity (keys, errors, context, order, names)",all six hosts sqlt 1265/1265 with reuse twin; oracle/hybrid lanes agree on SQLite (+ MariaDB/MySQL/PostgreSQL for PHP); PY-C1 site f closed
LISP-C27,../lisp-code-review.md,C-LISP-C27,05-lisp-correctness.md,tests/11-hybrid.md#lisp-c27,closed,"sql/cases/48-scope-and-slots, 49-kind-guarantees, 50-rendering-and-registration, 51-hybrid-parity, 19, 25, 17; sql/oracle/hybrid.json + rows/expressions; tools/check-sql-budgets.sh; tools/check-hybrid-parity*; per-host SQL unit tests","docs/internals/sql-translation.md 7.4 (scope, E_SQL_SIZE MAX_SQL_NODES=250000), sql-kinds.md 5a (all-or-nothing SUM guard, UNKNOWN guards), 7.1 balanced fold >256, 11.6 count clamp 2^63-1, MAP.md 3.1 dialect registration, 4.2 {key:*} numericCast; 12.1 hybrid parity (keys, errors, context, order, names)",all six hosts sqlt 1265/1265 with reuse twin; oracle/hybrid lanes agree on SQLite (+ MariaDB/MySQL/PostgreSQL for PHP); PY-C1 site f closed
LISP-C28,../lisp-code-review.md,C-LISP-C27,05-lisp-correctness.md,tests/11-hybrid.md#lisp-c28,closed,"sql/cases/48-scope-and-slots, 49-kind-guarantees, 50-rendering-and-registration, 51-hybrid-parity, 19, 25, 17; sql/oracle/hybrid.json + rows/expressions; tools/check-sql-budgets.sh; tools/check-hybrid-parity*; per-host SQL unit tests","docs/internals/sql-translation.md 7.4 (scope, E_SQL_SIZE MAX_SQL_NODES=250000), sql-kinds.md 5a (all-or-nothing SUM guard, UNKNOWN guards), 7.1 balanced fold >256, 11.6 count clamp 2^63-1, MAP.md 3.1 dialect registration, 4.2 {key:*} numericCast; 12.1 hybrid parity (keys, errors, context, order, names)",all six hosts sqlt 1265/1265 with reuse twin; oracle/hybrid lanes agree on SQLite (+ MariaDB/MySQL/PostgreSQL for PHP); PY-C1 site f closed
LISP-C29,../lisp-code-review.md,C-LISP-C27,05-lisp-correctness.md,tests/11-hybrid.md#lisp-c29,closed,"sql/cases/48-scope-and-slots, 49-kind-guarantees, 50-rendering-and-registration, 51-hybrid-parity, 19, 25, 17; sql/oracle/hybrid.json + rows/expressions; tools/check-sql-budgets.sh; tools/check-hybrid-parity*; per-host SQL unit tests","docs/internals/sql-translation.md 7.4 (scope, E_SQL_SIZE MAX_SQL_NODES=250000), sql-kinds.md 5a (all-or-nothing SUM guard, UNKNOWN guards), 7.1 balanced fold >256, 11.6 count clamp 2^63-1, MAP.md 3.1 dialect registration, 4.2 {key:*} numericCast; 12.1 hybrid parity (keys, errors, context, order, names)",all six hosts sqlt 1265/1265 with reuse twin; oracle/hybrid lanes agree on SQLite (+ MariaDB/MySQL/PostgreSQL for PHP); PY-C1 site f closed
LISP-C30,../lisp-code-review.md,C-LISP-C27,05-lisp-correctness.md,tests/11-hybrid.md#lisp-c30,closed,"sql/cases/48-scope-and-slots, 49-kind-guarantees, 50-rendering-and-registration, 51-hybrid-parity, 19, 25, 17; sql/oracle/hybrid.json + rows/expressions; tools/check-sql-budgets.sh; tools/check-hybrid-parity*; per-host SQL unit tests","docs/internals/sql-translation.md 7.4 (scope, E_SQL_SIZE MAX_SQL_NODES=250000), sql-kinds.md 5a (all-or-nothing SUM guard, UNKNOWN guards), 7.1 balanced fold >256, 11.6 count clamp 2^63-1, MAP.md 3.1 dialect registration, 4.2 {key:*} numericCast; 12.1 hybrid parity (keys, errors, context, order, names)",all six hosts sqlt 1265/1265 with reuse twin; oracle/hybrid lanes agree on SQLite (+ MariaDB/MySQL/PostgreSQL for PHP); PY-C1 site f closed
LISP-C31,../lisp-code-review.md,C-LISP-C31,05-lisp-correctness.md,tests/01-frontend.md#lisp-c31,closed,"tools/check-cli-source.sh; per-host unit tests (check-js-runtime, check-php-runtime, python/tests/test_cli_source.py, cpp/tests/unit.cpp, lisp/tests/unit.lisp, go/sel/source_utf8_test.go)","SPEC 2: E_UTF8 at first invalid unit in code points of valid prefix; CLIs read bytes, no newline translation",check-cli-source.sh passes on all six hosts
LISP-C32,../lisp-code-review.md,C-LISP-C32,05-lisp-correctness.md,tests/03-values.md#lisp-c32,closed,"lisp/tests/unit.lisp (7 new); conformance/24,25",SPEC 3.4; from-native E_BAD_ARG,lisp test 658 pass
LISP-C33,../lisp-code-review.md,C-LISP-C33,05-lisp-correctness.md,tests/03-values.md#lisp-c33,closed,"lisp/tests/unit.lisp (7 new); conformance/24,25",SPEC 3.4; from-native E_BAD_ARG,lisp test 658 pass
LISP-C34,../lisp-code-review.md,C-LISP-C34,05-lisp-correctness.md,tests/04-evaluation.md#lisp-c34,closed,"conformance/26 lim.eval-depth.flat-chain-inside-*, num.plan.*, asg.compound.*; host unit tests",SPEC 6.4: index over bare variable costs one level; no host crash on flat chains in aggregate bodies; registered builtins guarded,"host lanes green; asan clean (cpp); race green (go); LISP-C44 not reproduced, hardening + test"
LISP-C35,../lisp-code-review.md,C-LISP-C35,05-lisp-correctness.md,tests/03-values.md#lisp-c35,closed,"lisp/tests/unit.lisp (7 new); conformance/24,25",SPEC 3.4; from-native E_BAD_ARG,lisp test 658 pass
LISP-C36,../lisp-code-review.md,C-LISP-C36,05-lisp-correctness.md,tests/10-sql-rendering.md#lisp-c36,closed,"sql/cases/48-scope-and-slots, 49-kind-guarantees, 50-rendering-and-registration, 51-hybrid-parity, 19, 25, 17; sql/oracle/hybrid.json + rows/expressions; tools/check-sql-budgets.sh; tools/check-hybrid-parity*; per-host SQL unit tests","docs/internals/sql-translation.md 7.4 (scope, E_SQL_SIZE MAX_SQL_NODES=250000), sql-kinds.md 5a (all-or-nothing SUM guard, UNKNOWN guards), 7.1 balanced fold >256, 11.6 count clamp 2^63-1, MAP.md 3.1 dialect registration, 4.2 {key:*} numericCast; 12.1 hybrid parity (keys, errors, context, order, names)",all six hosts sqlt 1265/1265 with reuse twin; oracle/hybrid lanes agree on SQLite (+ MariaDB/MySQL/PostgreSQL for PHP); PY-C1 site f closed
LISP-C37,../lisp-code-review.md,C-LISP-C3,05-lisp-correctness.md,tests/06-regex.md#lisp-c37,closed,"conformance/27-relational-edges, 28-regex-portability, 29-text-binary-budgets; host unit tests; tools/check-budgets.sh; tools/check-regex-resources.py","SPEC 7.3 snapshot iteration + total order; 7.4 direction/count always evaluated, join key by ==, right binder shadows; 7.8 P1-P4 + caps; 6.4 MAX_TEXT_LEN/MAX_COLLECTION/MAX_REGEX_*",all six hosts pass files 27-29 (P5 ambiguity cases 28b pending)
LISP-C38,../lisp-code-review.md,C-LISP-C38,05-lisp-correctness.md,tests/10-sql-rendering.md#lisp-c38,closed,"sql/cases/48-scope-and-slots, 49-kind-guarantees, 50-rendering-and-registration, 51-hybrid-parity, 19, 25, 17; sql/oracle/hybrid.json + rows/expressions; tools/check-sql-budgets.sh; tools/check-hybrid-parity*; per-host SQL unit tests","docs/internals/sql-translation.md 7.4 (scope, E_SQL_SIZE MAX_SQL_NODES=250000), sql-kinds.md 5a (all-or-nothing SUM guard, UNKNOWN guards), 7.1 balanced fold >256, 11.6 count clamp 2^63-1, MAP.md 3.1 dialect registration, 4.2 {key:*} numericCast; 12.1 hybrid parity (keys, errors, context, order, names)",all six hosts sqlt 1265/1265 with reuse twin; oracle/hybrid lanes agree on SQLite (+ MariaDB/MySQL/PostgreSQL for PHP); PY-C1 site f closed
LISP-C39,../lisp-code-review.md,C-LISP-C39,05-lisp-correctness.md,tests/09-sql-kinds.md#lisp-c39,closed,"sql/cases/48-scope-and-slots, 49-kind-guarantees, 50-rendering-and-registration, 51-hybrid-parity, 19, 25, 17; sql/oracle/hybrid.json + rows/expressions; tools/check-sql-budgets.sh; tools/check-hybrid-parity*; per-host SQL unit tests","docs/internals/sql-translation.md 7.4 (scope, E_SQL_SIZE MAX_SQL_NODES=250000), sql-kinds.md 5a (all-or-nothing SUM guard, UNKNOWN guards), 7.1 balanced fold >256, 11.6 count clamp 2^63-1, MAP.md 3.1 dialect registration, 4.2 {key:*} numericCast; 12.1 hybrid parity (keys, errors, context, order, names)",all six hosts sqlt 1265/1265 with reuse twin; oracle/hybrid lanes agree on SQLite (+ MariaDB/MySQL/PostgreSQL for PHP); PY-C1 site f closed
LISP-C40,../lisp-code-review.md,C-LISP-C40,05-lisp-correctness.md,tests/10-sql-rendering.md#lisp-c40,closed,"sql/cases/48-scope-and-slots, 49-kind-guarantees, 50-rendering-and-registration, 51-hybrid-parity, 19, 25, 17; sql/oracle/hybrid.json + rows/expressions; tools/check-sql-budgets.sh; tools/check-hybrid-parity*; per-host SQL unit tests","docs/internals/sql-translation.md 7.4 (scope, E_SQL_SIZE MAX_SQL_NODES=250000), sql-kinds.md 5a (all-or-nothing SUM guard, UNKNOWN guards), 7.1 balanced fold >256, 11.6 count clamp 2^63-1, MAP.md 3.1 dialect registration, 4.2 {key:*} numericCast; 12.1 hybrid parity (keys, errors, context, order, names)",all six hosts sqlt 1265/1265 with reuse twin; oracle/hybrid lanes agree on SQLite (+ MariaDB/MySQL/PostgreSQL for PHP); PY-C1 site f closed
LISP-C41,../lisp-code-review.md,C-LISP-C40,05-lisp-correctness.md,tests/10-sql-rendering.md#lisp-c41,closed,"sql/cases/48-scope-and-slots, 49-kind-guarantees, 50-rendering-and-registration, 51-hybrid-parity, 19, 25, 17; sql/oracle/hybrid.json + rows/expressions; tools/check-sql-budgets.sh; tools/check-hybrid-parity*; per-host SQL unit tests","docs/internals/sql-translation.md 7.4 (scope, E_SQL_SIZE MAX_SQL_NODES=250000), sql-kinds.md 5a (all-or-nothing SUM guard, UNKNOWN guards), 7.1 balanced fold >256, 11.6 count clamp 2^63-1, MAP.md 3.1 dialect registration, 4.2 {key:*} numericCast; 12.1 hybrid parity (keys, errors, context, order, names)",all six hosts sqlt 1265/1265 with reuse twin; oracle/hybrid lanes agree on SQLite (+ MariaDB/MySQL/PostgreSQL for PHP); PY-C1 site f closed
LISP-C42,../lisp-code-review.md,C-LISP-C36,05-lisp-correctness.md,tests/10-sql-rendering.md#lisp-c42,closed,"sql/cases/48-scope-and-slots, 49-kind-guarantees, 50-rendering-and-registration, 51-hybrid-parity, 19, 25, 17; sql/oracle/hybrid.json + rows/expressions; tools/check-sql-budgets.sh; tools/check-hybrid-parity*; per-host SQL unit tests","docs/internals/sql-translation.md 7.4 (scope, E_SQL_SIZE MAX_SQL_NODES=250000), sql-kinds.md 5a (all-or-nothing SUM guard, UNKNOWN guards), 7.1 balanced fold >256, 11.6 count clamp 2^63-1, MAP.md 3.1 dialect registration, 4.2 {key:*} numericCast; 12.1 hybrid parity (keys, errors, context, order, names)",all six hosts sqlt 1265/1265 with reuse twin; oracle/hybrid lanes agree on SQLite (+ MariaDB/MySQL/PostgreSQL for PHP); PY-C1 site f closed
LISP-C43,../lisp-code-review.md,C-LISP-C43,05-lisp-correctness.md,tests/11-hybrid.md#lisp-c43,closed,"sql/cases/48-scope-and-slots, 49-kind-guarantees, 50-rendering-and-registration, 51-hybrid-parity, 19, 25, 17; sql/oracle/hybrid.json + rows/expressions; tools/check-sql-budgets.sh; tools/check-hybrid-parity*; per-host SQL unit tests","docs/internals/sql-translation.md 7.4 (scope, E_SQL_SIZE MAX_SQL_NODES=250000), sql-kinds.md 5a (all-or-nothing SUM guard, UNKNOWN guards), 7.1 balanced fold >256, 11.6 count clamp 2^63-1, MAP.md 3.1 dialect registration, 4.2 {key:*} numericCast; 12.1 hybrid parity (keys, errors, context, order, names)",all six hosts sqlt 1265/1265 with reuse twin; oracle/hybrid lanes agree on SQLite (+ MariaDB/MySQL/PostgreSQL for PHP); PY-C1 site f closed
LISP-C44,../lisp-code-review.md,C-LISP-C44,05-lisp-correctness.md,tests/04-evaluation.md#lisp-c44,closed,"conformance/26 lim.eval-depth.flat-chain-inside-*, num.plan.*, asg.compound.*; host unit tests",SPEC 6.4: index over bare variable costs one level; no host crash on flat chains in aggregate bodies; registered builtins guarded,"host lanes green; asan clean (cpp); race green (go); LISP-C44 not reproduced, hardening + test"
LISP-C45,../lisp-code-review.md,C-LISP-C45,05-lisp-correctness.md,tests/02-decimal.md#lisp-c45,closed,"lisp/tests/unit.lisp (7 new); conformance/24,25",SPEC 3.4; from-native E_BAD_ARG,lisp test 658 pass
LISP-C46,../lisp-code-review.md,C-LISP-C46,05-lisp-correctness.md,tests/01-frontend.md#lisp-c46,closed,"conformance/14-pipeline.selt: pipe.placeholder.repeated(-three,-evaluates-once-per-placeholder), below-min-arity-is-a-plain-argument, binding-function-is-not-substituted; conformance/10-limits.selt: lim.pipe-depth(-just-under), lim.pipe-chain-*","grammar.md: every top-level bare _ replaced (textual, x evaluated once per placeholder); binding built-ins never substitute; SPEC 6.4: pipe-step parens cost one level (pinned, not changed)",Go break removed; all six hosts agree
LISP-C47,../lisp-code-review.md,C-LISP-C47,05-lisp-correctness.md,tests/11-hybrid.md#lisp-c47,closed,,documentation wording,"docs/internals + sql/MAP.md 3.1 and docs/sql.md updated (server-mode assumptions, exact-column wording)"
LISP-P1,../lisp-code-review.md,P-LISP-P1,performance/lisp.md,performance/lisp.md#lisp-p1,closed,tools/perf/lisp/,already-addressed: T01 iterative/linear lexer rewrite,performance/results/lisp.md (LISP-P1 row); benchmark tools/perf/lisp/
LISP-P2,../lisp-code-review.md,P-LISP-P2,performance/lisp.md,performance/lisp.md#lisp-p2,closed,tools/perf/lisp/,implemented,performance/results/lisp.md (LISP-P2 row); benchmark tools/perf/lisp/
LISP-P3,../lisp-code-review.md,P-LISP-P3,performance/lisp.md,performance/lisp.md#lisp-p3,closed,tools/perf/lisp/,implemented,performance/results/lisp.md (LISP-P3 row); benchmark tools/perf/lisp/
LISP-P4,../lisp-code-review.md,P-LISP-P4,performance/lisp.md,performance/lisp.md#lisp-p4,closed,tools/perf/lisp/,implemented,performance/results/lisp.md (LISP-P4 row); benchmark tools/perf/lisp/
LISP-P5,../lisp-code-review.md,P-LISP-P5,performance/lisp.md,performance/lisp.md#lisp-p5,closed,tools/perf/lisp/,implemented,performance/results/lisp.md (LISP-P5 row); benchmark tools/perf/lisp/
LISP-P6,../lisp-code-review.md,P-LISP-P6,performance/lisp.md,performance/lisp.md#lisp-p6,closed,tools/perf/lisp/,implemented,performance/results/lisp.md (LISP-P6 row); benchmark tools/perf/lisp/
LISP-P7,../lisp-code-review.md,P-LISP-P7,performance/lisp.md,performance/lisp.md#lisp-p7,closed,tools/perf/lisp/,implemented,performance/results/lisp.md (LISP-P7 row); benchmark tools/perf/lisp/
LISP-P8,../lisp-code-review.md,P-LISP-P8,performance/lisp.md,performance/lisp.md#lisp-p8,closed,tools/perf/lisp/,implemented,performance/results/lisp.md (LISP-P8 row); benchmark tools/perf/lisp/
LISP-P9,../lisp-code-review.md,P-LISP-P9,performance/lisp.md,performance/lisp.md#lisp-p9,closed,tools/perf/lisp/,implemented,performance/results/lisp.md (LISP-P9 row); benchmark tools/perf/lisp/
LISP-P10,../lisp-code-review.md,P-LISP-P10,performance/lisp.md,performance/lisp.md#lisp-p10,closed,tools/perf/lisp/,implemented,performance/results/lisp.md (LISP-P10 row); benchmark tools/perf/lisp/
LISP-P11,../lisp-code-review.md,P-LISP-P11,performance/lisp.md,performance/lisp.md#lisp-p11,closed,tools/perf/lisp/,implemented,performance/results/lisp.md (LISP-P11 row); benchmark tools/perf/lisp/
LISP-P12,../lisp-code-review.md,P-LISP-P12,performance/lisp.md,performance/lisp.md#lisp-p12,closed,tools/perf/lisp/,implemented,performance/results/lisp.md (LISP-P12 row); benchmark tools/perf/lisp/
LISP-P13,../lisp-code-review.md,P-LISP-P13,performance/lisp.md,performance/lisp.md#lisp-p13,closed,tools/perf/lisp/,already-addressed: T01 iterative/linear lexer rewrite,performance/results/lisp.md (LISP-P13 row); benchmark tools/perf/lisp/
LISP-P14,../lisp-code-review.md,P-LISP-P14,performance/lisp.md,performance/lisp.md#lisp-p14,closed,tools/perf/lisp/,implemented,performance/results/lisp.md (LISP-P14 row); benchmark tools/perf/lisp/
LISP-P15,../lisp-code-review.md,P-LISP-P15,performance/lisp.md,performance/lisp.md#lisp-p15,closed,tools/perf/lisp/,implemented,performance/results/lisp.md (LISP-P15 row); benchmark tools/perf/lisp/
LISP-P16,../lisp-code-review.md,P-LISP-P16,performance/lisp.md,performance/lisp.md#lisp-p16,closed,tools/perf/lisp/,implemented,performance/results/lisp.md (LISP-P16 row); benchmark tools/perf/lisp/
LISP-P17,../lisp-code-review.md,P-LISP-P17,performance/lisp.md,performance/lisp.md#lisp-p17,closed,tools/perf/lisp/,implemented,performance/results/lisp.md (LISP-P17 row); benchmark tools/perf/lisp/
LISP-P18,../lisp-code-review.md,P-LISP-P18,performance/lisp.md,performance/lisp.md#lisp-p18,closed,tools/perf/lisp/,implemented,performance/results/lisp.md (LISP-P18 row); benchmark tools/perf/lisp/
LISP-P19,../lisp-code-review.md,P-LISP-P19,performance/lisp.md,performance/lisp.md#lisp-p19,closed,tools/perf/lisp/,implemented,performance/results/lisp.md (LISP-P19 row); benchmark tools/perf/lisp/
LISP-P20,../lisp-code-review.md,P-LISP-P20,performance/lisp.md,performance/lisp.md#lisp-p20,closed,tools/perf/lisp/,implemented,performance/results/lisp.md (LISP-P20 row); benchmark tools/perf/lisp/
LISP-P21,../lisp-code-review.md,P-LISP-P21,performance/lisp.md,performance/lisp.md#lisp-p21,closed,tools/perf/lisp/,implemented,performance/results/lisp.md (LISP-P21 row); benchmark tools/perf/lisp/
LISP-P22,../lisp-code-review.md,P-LISP-P22,performance/lisp.md,performance/lisp.md#lisp-p22,closed,tools/perf/lisp/,implemented,performance/results/lisp.md (LISP-P22 row); benchmark tools/perf/lisp/
LISP-P23,../lisp-code-review.md,P-LISP-P23,performance/lisp.md,performance/lisp.md#lisp-p23,closed,tools/perf/lisp/,implemented,performance/results/lisp.md (LISP-P23 row); benchmark tools/perf/lisp/
LISP-P24,../lisp-code-review.md,P-LISP-P24,performance/lisp.md,performance/lisp.md#lisp-p24,closed,tools/perf/lisp/,implemented,performance/results/lisp.md (LISP-P24 row); benchmark tools/perf/lisp/
LISP-P25,../lisp-code-review.md,P-LISP-P25,performance/lisp.md,performance/lisp.md#lisp-p25,closed,tools/perf/lisp/,implemented,performance/results/lisp.md (LISP-P25 row); benchmark tools/perf/lisp/
LISP-P26,../lisp-code-review.md,P-LISP-P26,performance/lisp.md,performance/lisp.md#lisp-p26,closed,tools/perf/lisp/,rejected: shape-cache key hashing: <1 us per lookup at the 256-entry cap,performance/results/lisp.md (LISP-P26 row); benchmark tools/perf/lisp/
LISP-P27,../lisp-code-review.md,P-LISP-P27,performance/lisp.md,performance/lisp.md#lisp-p27,closed,tools/perf/lisp/,implemented,performance/results/lisp.md (LISP-P27 row); benchmark tools/perf/lisp/
GO-C1,../go-code-review.md,C-GO-C1,06-go-correctness.md,tests/06-regex.md#go-c1,closed,"conformance/27-relational-edges, 28-regex-portability, 29-text-binary-budgets; host unit tests; tools/check-budgets.sh; tools/check-regex-resources.py","SPEC 7.3 snapshot iteration + total order; 7.4 direction/count always evaluated, join key by ==, right binder shadows; 7.8 P1-P4 + caps; 6.4 MAX_TEXT_LEN/MAX_COLLECTION/MAX_REGEX_*",all six hosts pass files 27-29 (P5 ambiguity cases 28b pending)
GO-C2,../go-code-review.md,C-GO-C2,06-go-correctness.md,tests/08-sql-scope.md#go-c2,closed,"sql/cases/48-scope-and-slots, 49-kind-guarantees, 50-rendering-and-registration, 51-hybrid-parity, 19, 25, 17; sql/oracle/hybrid.json + rows/expressions; tools/check-sql-budgets.sh; tools/check-hybrid-parity*; per-host SQL unit tests","docs/internals/sql-translation.md 7.4 (scope, E_SQL_SIZE MAX_SQL_NODES=250000), sql-kinds.md 5a (all-or-nothing SUM guard, UNKNOWN guards), 7.1 balanced fold >256, 11.6 count clamp 2^63-1, MAP.md 3.1 dialect registration, 4.2 {key:*} numericCast; 12.1 hybrid parity (keys, errors, context, order, names)",all six hosts sqlt 1265/1265 with reuse twin; oracle/hybrid lanes agree on SQLite (+ MariaDB/MySQL/PostgreSQL for PHP); PY-C1 site f closed
GO-C3,../go-code-review.md,C-GO-C3,06-go-correctness.md,tests/08-sql-scope.md#go-c3,closed,"sql/cases/48-scope-and-slots, 49-kind-guarantees, 50-rendering-and-registration, 51-hybrid-parity, 19, 25, 17; sql/oracle/hybrid.json + rows/expressions; tools/check-sql-budgets.sh; tools/check-hybrid-parity*; per-host SQL unit tests","docs/internals/sql-translation.md 7.4 (scope, E_SQL_SIZE MAX_SQL_NODES=250000), sql-kinds.md 5a (all-or-nothing SUM guard, UNKNOWN guards), 7.1 balanced fold >256, 11.6 count clamp 2^63-1, MAP.md 3.1 dialect registration, 4.2 {key:*} numericCast; 12.1 hybrid parity (keys, errors, context, order, names)",all six hosts sqlt 1265/1265 with reuse twin; oracle/hybrid lanes agree on SQLite (+ MariaDB/MySQL/PostgreSQL for PHP); PY-C1 site f closed
GO-C4,../go-code-review.md,C-GO-C4,06-go-correctness.md,tests/08-sql-scope.md#go-c4,closed,"sql/cases/48-scope-and-slots, 49-kind-guarantees, 50-rendering-and-registration, 51-hybrid-parity, 19, 25, 17; sql/oracle/hybrid.json + rows/expressions; tools/check-sql-budgets.sh; tools/check-hybrid-parity*; per-host SQL unit tests","docs/internals/sql-translation.md 7.4 (scope, E_SQL_SIZE MAX_SQL_NODES=250000), sql-kinds.md 5a (all-or-nothing SUM guard, UNKNOWN guards), 7.1 balanced fold >256, 11.6 count clamp 2^63-1, MAP.md 3.1 dialect registration, 4.2 {key:*} numericCast; 12.1 hybrid parity (keys, errors, context, order, names)",all six hosts sqlt 1265/1265 with reuse twin; oracle/hybrid lanes agree on SQLite (+ MariaDB/MySQL/PostgreSQL for PHP); PY-C1 site f closed
GO-C5,../go-code-review.md,C-GO-C5,06-go-correctness.md,tests/11-hybrid.md#go-c5,closed,"sql/cases/48-scope-and-slots, 49-kind-guarantees, 50-rendering-and-registration, 51-hybrid-parity, 19, 25, 17; sql/oracle/hybrid.json + rows/expressions; tools/check-sql-budgets.sh; tools/check-hybrid-parity*; per-host SQL unit tests","docs/internals/sql-translation.md 7.4 (scope, E_SQL_SIZE MAX_SQL_NODES=250000), sql-kinds.md 5a (all-or-nothing SUM guard, UNKNOWN guards), 7.1 balanced fold >256, 11.6 count clamp 2^63-1, MAP.md 3.1 dialect registration, 4.2 {key:*} numericCast; 12.1 hybrid parity (keys, errors, context, order, names)",all six hosts sqlt 1265/1265 with reuse twin; oracle/hybrid lanes agree on SQLite (+ MariaDB/MySQL/PostgreSQL for PHP); PY-C1 site f closed
GO-C6,../go-code-review.md,C-GO-C6,06-go-correctness.md,tests/12-integration.md#go-c6,closed,"tools/api.* probes 87-107 + tools/api-pins.txt + tools/check-api-compare.py; tools/check-cli-source.sh operand misuse; per-host T12 tests (python/tests/test_t12_host_fixes.py, go/sel/t12_host_test.go + shared_values_race_test.go, lisp/tests/unit.lisp, cpp tsan-registry, tools/check-php-integration.php, tools/check-php-version.sh)","SPEC 8: flow-sensitive dependencies(); non-source/unsupported native/fractional/non-callable -> E_BAD_ARG; 8.1: missing-argument read E_BAD_ARG, thread-safe registration",six hosts agree on 107 API probes (24 pinned); race/TSan/-race lanes green
GO-C7,../go-code-review.md,C-GO-C7,06-go-correctness.md,tests/03-values.md#go-c7,closed,"go/internal/decimal/dec_test.go, go/sel/ownership_test.go, go/internal/utf8/utf8_test.go",SPEC 3.4; CEIL/FLOOR carry E_RANGE at call,go test -race green
GO-C8,../go-code-review.md,C-GO-C8,06-go-correctness.md,tests/05-relational.md#go-c8,closed,"conformance/27-relational-edges, 28-regex-portability, 29-text-binary-budgets; host unit tests; tools/check-budgets.sh; tools/check-regex-resources.py","SPEC 7.3 snapshot iteration + total order; 7.4 direction/count always evaluated, join key by ==, right binder shadows; 7.8 P1-P4 + caps; 6.4 MAX_TEXT_LEN/MAX_COLLECTION/MAX_REGEX_*",all six hosts pass files 27-29 (P5 ambiguity cases 28b pending)
GO-C9,../go-code-review.md,C-GO-C9,06-go-correctness.md,tests/01-frontend.md#go-c9,closed,"conformance/14-pipeline.selt: pipe.placeholder.repeated(-three,-evaluates-once-per-placeholder), below-min-arity-is-a-plain-argument, binding-function-is-not-substituted; conformance/10-limits.selt: lim.pipe-depth(-just-under), lim.pipe-chain-*","grammar.md: every top-level bare _ replaced (textual, x evaluated once per placeholder); binding built-ins never substitute; SPEC 6.4: pipe-step parens cost one level (pinned, not changed)",Go break removed; all six hosts agree
GO-C10,../go-code-review.md,C-GO-C1,06-go-correctness.md,tests/06-regex.md#go-c10,closed,"conformance/27-relational-edges, 28-regex-portability, 29-text-binary-budgets; host unit tests; tools/check-budgets.sh; tools/check-regex-resources.py","SPEC 7.3 snapshot iteration + total order; 7.4 direction/count always evaluated, join key by ==, right binder shadows; 7.8 P1-P4 + caps; 6.4 MAX_TEXT_LEN/MAX_COLLECTION/MAX_REGEX_*",all six hosts pass files 27-29 (P5 ambiguity cases 28b pending)
GO-C11,../go-code-review.md,C-GO-C11,06-go-correctness.md,tests/07-text-binary.md#go-c11,closed,"conformance/27-relational-edges, 28-regex-portability, 29-text-binary-budgets; host unit tests; tools/check-budgets.sh; tools/check-regex-resources.py","SPEC 7.3 snapshot iteration + total order; 7.4 direction/count always evaluated, join key by ==, right binder shadows; 7.8 P1-P4 + caps; 6.4 MAX_TEXT_LEN/MAX_COLLECTION/MAX_REGEX_*",all six hosts pass files 27-29 (P5 ambiguity cases 28b pending)
GO-C12,../go-code-review.md,C-GO-C12,06-go-correctness.md,tests/02-decimal.md#go-c12,closed,"go/internal/decimal/dec_test.go, go/sel/ownership_test.go, go/internal/utf8/utf8_test.go",SPEC 3.4; CEIL/FLOOR carry E_RANGE at call,go test -race green
GO-C13,../go-code-review.md,C-GO-C13,06-go-correctness.md,tests/01-frontend.md#go-c13,closed,"conformance/10-limits.selt: lim.interp-depth(-just-under,-3000), lex.unterminated.deep-brace-run(-short); conformance/01-lexical.selt: lex.interp.unbalanced-*, lex.interp.balanced-*; tools/stress.sh interp-*","SPEC 2 + 6.4: interpolation lexed iteratively in linear time (explicit task stack, memoised brace matching); body parens/brackets must balance inside braces (E_SYNTAX at stray closer / at the closing brace)",old-vs-new lexer differential 0 diffs per host (100k-300k random strings); 100k-level nest in <2s on every host
GO-C14,../go-code-review.md,C-GO-C14,06-go-correctness.md,tests/07-text-binary.md#go-c14,closed,"conformance/27-relational-edges, 28-regex-portability, 29-text-binary-budgets; host unit tests; tools/check-budgets.sh; tools/check-regex-resources.py","SPEC 7.3 snapshot iteration + total order; 7.4 direction/count always evaluated, join key by ==, right binder shadows; 7.8 P1-P4 + caps; 6.4 MAX_TEXT_LEN/MAX_COLLECTION/MAX_REGEX_*",all six hosts pass files 27-29 (P5 ambiguity cases 28b pending)
GO-C15,../go-code-review.md,C-GO-C15,06-go-correctness.md,tests/09-sql-kinds.md#go-c15,closed,"sql/cases/48-scope-and-slots, 49-kind-guarantees, 50-rendering-and-registration, 51-hybrid-parity, 19, 25, 17; sql/oracle/hybrid.json + rows/expressions; tools/check-sql-budgets.sh; tools/check-hybrid-parity*; per-host SQL unit tests","docs/internals/sql-translation.md 7.4 (scope, E_SQL_SIZE MAX_SQL_NODES=250000), sql-kinds.md 5a (all-or-nothing SUM guard, UNKNOWN guards), 7.1 balanced fold >256, 11.6 count clamp 2^63-1, MAP.md 3.1 dialect registration, 4.2 {key:*} numericCast; 12.1 hybrid parity (keys, errors, context, order, names)",all six hosts sqlt 1265/1265 with reuse twin; oracle/hybrid lanes agree on SQLite (+ MariaDB/MySQL/PostgreSQL for PHP); PY-C1 site f closed
GO-C16,../go-code-review.md,C-GO-C15,06-go-correctness.md,tests/09-sql-kinds.md#go-c16,closed,"sql/cases/48-scope-and-slots, 49-kind-guarantees, 50-rendering-and-registration, 51-hybrid-parity, 19, 25, 17; sql/oracle/hybrid.json + rows/expressions; tools/check-sql-budgets.sh; tools/check-hybrid-parity*; per-host SQL unit tests","docs/internals/sql-translation.md 7.4 (scope, E_SQL_SIZE MAX_SQL_NODES=250000), sql-kinds.md 5a (all-or-nothing SUM guard, UNKNOWN guards), 7.1 balanced fold >256, 11.6 count clamp 2^63-1, MAP.md 3.1 dialect registration, 4.2 {key:*} numericCast; 12.1 hybrid parity (keys, errors, context, order, names)",all six hosts sqlt 1265/1265 with reuse twin; oracle/hybrid lanes agree on SQLite (+ MariaDB/MySQL/PostgreSQL for PHP); PY-C1 site f closed
GO-C17,../go-code-review.md,C-GO-C15,06-go-correctness.md,tests/09-sql-kinds.md#go-c17,closed,"sql/cases/48-scope-and-slots, 49-kind-guarantees, 50-rendering-and-registration, 51-hybrid-parity, 19, 25, 17; sql/oracle/hybrid.json + rows/expressions; tools/check-sql-budgets.sh; tools/check-hybrid-parity*; per-host SQL unit tests","docs/internals/sql-translation.md 7.4 (scope, E_SQL_SIZE MAX_SQL_NODES=250000), sql-kinds.md 5a (all-or-nothing SUM guard, UNKNOWN guards), 7.1 balanced fold >256, 11.6 count clamp 2^63-1, MAP.md 3.1 dialect registration, 4.2 {key:*} numericCast; 12.1 hybrid parity (keys, errors, context, order, names)",all six hosts sqlt 1265/1265 with reuse twin; oracle/hybrid lanes agree on SQLite (+ MariaDB/MySQL/PostgreSQL for PHP); PY-C1 site f closed
GO-C18,../go-code-review.md,C-GO-C18,06-go-correctness.md,tests/10-sql-rendering.md#go-c18,closed,"sql/cases/48-scope-and-slots, 49-kind-guarantees, 50-rendering-and-registration, 51-hybrid-parity, 19, 25, 17; sql/oracle/hybrid.json + rows/expressions; tools/check-sql-budgets.sh; tools/check-hybrid-parity*; per-host SQL unit tests","docs/internals/sql-translation.md 7.4 (scope, E_SQL_SIZE MAX_SQL_NODES=250000), sql-kinds.md 5a (all-or-nothing SUM guard, UNKNOWN guards), 7.1 balanced fold >256, 11.6 count clamp 2^63-1, MAP.md 3.1 dialect registration, 4.2 {key:*} numericCast; 12.1 hybrid parity (keys, errors, context, order, names)",all six hosts sqlt 1265/1265 with reuse twin; oracle/hybrid lanes agree on SQLite (+ MariaDB/MySQL/PostgreSQL for PHP); PY-C1 site f closed
GO-C19,../go-code-review.md,C-GO-C19,06-go-correctness.md,tests/10-sql-rendering.md#go-c19,closed,"sql/cases/48-scope-and-slots, 49-kind-guarantees, 50-rendering-and-registration, 51-hybrid-parity, 19, 25, 17; sql/oracle/hybrid.json + rows/expressions; tools/check-sql-budgets.sh; tools/check-hybrid-parity*; per-host SQL unit tests","docs/internals/sql-translation.md 7.4 (scope, E_SQL_SIZE MAX_SQL_NODES=250000), sql-kinds.md 5a (all-or-nothing SUM guard, UNKNOWN guards), 7.1 balanced fold >256, 11.6 count clamp 2^63-1, MAP.md 3.1 dialect registration, 4.2 {key:*} numericCast; 12.1 hybrid parity (keys, errors, context, order, names)",all six hosts sqlt 1265/1265 with reuse twin; oracle/hybrid lanes agree on SQLite (+ MariaDB/MySQL/PostgreSQL for PHP); PY-C1 site f closed
GO-C20,../go-code-review.md,C-GO-C20,06-go-correctness.md,tests/08-sql-scope.md#go-c20,closed,"sql/cases/48-scope-and-slots, 49-kind-guarantees, 50-rendering-and-registration, 51-hybrid-parity, 19, 25, 17; sql/oracle/hybrid.json + rows/expressions; tools/check-sql-budgets.sh; tools/check-hybrid-parity*; per-host SQL unit tests","docs/internals/sql-translation.md 7.4 (scope, E_SQL_SIZE MAX_SQL_NODES=250000), sql-kinds.md 5a (all-or-nothing SUM guard, UNKNOWN guards), 7.1 balanced fold >256, 11.6 count clamp 2^63-1, MAP.md 3.1 dialect registration, 4.2 {key:*} numericCast; 12.1 hybrid parity (keys, errors, context, order, names)",all six hosts sqlt 1265/1265 with reuse twin; oracle/hybrid lanes agree on SQLite (+ MariaDB/MySQL/PostgreSQL for PHP); PY-C1 site f closed
GO-C21,../go-code-review.md,C-GO-C21,06-go-correctness.md,tests/11-hybrid.md#go-c21,closed,"sql/cases/48-scope-and-slots, 49-kind-guarantees, 50-rendering-and-registration, 51-hybrid-parity, 19, 25, 17; sql/oracle/hybrid.json + rows/expressions; tools/check-sql-budgets.sh; tools/check-hybrid-parity*; per-host SQL unit tests","docs/internals/sql-translation.md 7.4 (scope, E_SQL_SIZE MAX_SQL_NODES=250000), sql-kinds.md 5a (all-or-nothing SUM guard, UNKNOWN guards), 7.1 balanced fold >256, 11.6 count clamp 2^63-1, MAP.md 3.1 dialect registration, 4.2 {key:*} numericCast; 12.1 hybrid parity (keys, errors, context, order, names)",all six hosts sqlt 1265/1265 with reuse twin; oracle/hybrid lanes agree on SQLite (+ MariaDB/MySQL/PostgreSQL for PHP); PY-C1 site f closed
GO-C22,../go-code-review.md,C-GO-C22,06-go-correctness.md,tests/11-hybrid.md#go-c22,closed,"sql/cases/48-scope-and-slots, 49-kind-guarantees, 50-rendering-and-registration, 51-hybrid-parity, 19, 25, 17; sql/oracle/hybrid.json + rows/expressions; tools/check-sql-budgets.sh; tools/check-hybrid-parity*; per-host SQL unit tests","docs/internals/sql-translation.md 7.4 (scope, E_SQL_SIZE MAX_SQL_NODES=250000), sql-kinds.md 5a (all-or-nothing SUM guard, UNKNOWN guards), 7.1 balanced fold >256, 11.6 count clamp 2^63-1, MAP.md 3.1 dialect registration, 4.2 {key:*} numericCast; 12.1 hybrid parity (keys, errors, context, order, names)",all six hosts sqlt 1265/1265 with reuse twin; oracle/hybrid lanes agree on SQLite (+ MariaDB/MySQL/PostgreSQL for PHP); PY-C1 site f closed
GO-C23,../go-code-review.md,C-GO-C23,06-go-correctness.md,tests/05-relational.md#go-c23,closed,"conformance/27-relational-edges, 28-regex-portability, 29-text-binary-budgets; host unit tests; tools/check-budgets.sh; tools/check-regex-resources.py","SPEC 7.3 snapshot iteration + total order; 7.4 direction/count always evaluated, join key by ==, right binder shadows; 7.8 P1-P4 + caps; 6.4 MAX_TEXT_LEN/MAX_COLLECTION/MAX_REGEX_*",all six hosts pass files 27-29 (P5 ambiguity cases 28b pending)
GO-C24,../go-code-review.md,C-GO-C24,06-go-correctness.md,tests/10-sql-rendering.md#go-c24,closed,"sql/cases/48-scope-and-slots, 49-kind-guarantees, 50-rendering-and-registration, 51-hybrid-parity, 19, 25, 17; sql/oracle/hybrid.json + rows/expressions; tools/check-sql-budgets.sh; tools/check-hybrid-parity*; per-host SQL unit tests","docs/internals/sql-translation.md 7.4 (scope, E_SQL_SIZE MAX_SQL_NODES=250000), sql-kinds.md 5a (all-or-nothing SUM guard, UNKNOWN guards), 7.1 balanced fold >256, 11.6 count clamp 2^63-1, MAP.md 3.1 dialect registration, 4.2 {key:*} numericCast; 12.1 hybrid parity (keys, errors, context, order, names)",all six hosts sqlt 1265/1265 with reuse twin; oracle/hybrid lanes agree on SQLite (+ MariaDB/MySQL/PostgreSQL for PHP); PY-C1 site f closed
GO-C25,../go-code-review.md,C-GO-C25,06-go-correctness.md,tests/04-evaluation.md#go-c25,closed,"conformance/26-evaluation-order.selt (ord.*, alias.arith-operand-*); tools/check-eval-equivalence.{mjs,py,php}; host unit tests",SPEC 6.2 evaluate all operands then coerce; math plans pure optimisation,all six hosts 1600/1600; plain-vs-optimised 0 diffs
GO-C26,../go-code-review.md,C-GO-C26,06-go-correctness.md,tests/05-relational.md#go-c26,closed,"conformance/27-relational-edges, 28-regex-portability, 29-text-binary-budgets; host unit tests; tools/check-budgets.sh; tools/check-regex-resources.py","SPEC 7.3 snapshot iteration + total order; 7.4 direction/count always evaluated, join key by ==, right binder shadows; 7.8 P1-P4 + caps; 6.4 MAX_TEXT_LEN/MAX_COLLECTION/MAX_REGEX_*",all six hosts pass files 27-29 (P5 ambiguity cases 28b pending)
GO-C27,../go-code-review.md,C-GO-C27,06-go-correctness.md,tests/03-values.md#go-c27,closed,"go/internal/decimal/dec_test.go, go/sel/ownership_test.go, go/internal/utf8/utf8_test.go",SPEC 3.4; CEIL/FLOOR carry E_RANGE at call,go test -race green
GO-C28,../go-code-review.md,C-GO-C1,06-go-correctness.md,tests/06-regex.md#go-c28,closed,"conformance/27-relational-edges, 28-regex-portability, 29-text-binary-budgets; host unit tests; tools/check-budgets.sh; tools/check-regex-resources.py","SPEC 7.3 snapshot iteration + total order; 7.4 direction/count always evaluated, join key by ==, right binder shadows; 7.8 P1-P4 + caps; 6.4 MAX_TEXT_LEN/MAX_COLLECTION/MAX_REGEX_*",all six hosts pass files 27-29 (P5 ambiguity cases 28b pending)
GO-C29,../go-code-review.md,C-GO-C29,06-go-correctness.md,tests/07-text-binary.md#go-c29,closed,"conformance/27-relational-edges, 28-regex-portability, 29-text-binary-budgets; host unit tests; tools/check-budgets.sh; tools/check-regex-resources.py","SPEC 7.3 snapshot iteration + total order; 7.4 direction/count always evaluated, join key by ==, right binder shadows; 7.8 P1-P4 + caps; 6.4 MAX_TEXT_LEN/MAX_COLLECTION/MAX_REGEX_*",all six hosts pass files 27-29 (P5 ambiguity cases 28b pending)
GO-C30,../go-code-review.md,C-GO-C1,06-go-correctness.md,tests/06-regex.md#go-c30,closed,"conformance/27-relational-edges, 28-regex-portability, 29-text-binary-budgets; host unit tests; tools/check-budgets.sh; tools/check-regex-resources.py","SPEC 7.3 snapshot iteration + total order; 7.4 direction/count always evaluated, join key by ==, right binder shadows; 7.8 P1-P4 + caps; 6.4 MAX_TEXT_LEN/MAX_COLLECTION/MAX_REGEX_*",all six hosts pass files 27-29 (P5 ambiguity cases 28b pending)
GO-C31,../go-code-review.md,C-GO-C1,06-go-correctness.md,tests/06-regex.md#go-c31,closed,"conformance/27-relational-edges, 28-regex-portability, 29-text-binary-budgets; host unit tests; tools/check-budgets.sh; tools/check-regex-resources.py","SPEC 7.3 snapshot iteration + total order; 7.4 direction/count always evaluated, join key by ==, right binder shadows; 7.8 P1-P4 + caps; 6.4 MAX_TEXT_LEN/MAX_COLLECTION/MAX_REGEX_*",all six hosts pass files 27-29 (P5 ambiguity cases 28b pending)
GO-C32,../go-code-review.md,C-GO-C1,06-go-correctness.md,tests/06-regex.md#go-c32,closed,"conformance/27-relational-edges, 28-regex-portability, 29-text-binary-budgets; host unit tests; tools/check-budgets.sh; tools/check-regex-resources.py","SPEC 7.3 snapshot iteration + total order; 7.4 direction/count always evaluated, join key by ==, right binder shadows; 7.8 P1-P4 + caps; 6.4 MAX_TEXT_LEN/MAX_COLLECTION/MAX_REGEX_*",all six hosts pass files 27-29 (P5 ambiguity cases 28b pending)
GO-C33,../go-code-review.md,C-GO-C33,06-go-correctness.md,tests/04-evaluation.md#go-c33,closed,conformance/26-evaluation-order.selt (opt.*),"SPEC 6.2/7.4: fusion only for numeric literal count>=1, keys before count, fused stage costs unfused depth; predicate cannot-raise only for BOOL literal; fused node keeps outer position",all six hosts green
GO-C34,../go-code-review.md,C-GO-C34,06-go-correctness.md,tests/04-evaluation.md#go-c34,closed,conformance/26-evaluation-order.selt (opt.*),"SPEC 6.2/7.4: fusion only for numeric literal count>=1, keys before count, fused stage costs unfused depth; predicate cannot-raise only for BOOL literal; fused node keeps outer position",all six hosts green
GO-C35,../go-code-review.md,C-GO-C35,06-go-correctness.md,tests/04-evaluation.md#go-c35,closed,"conformance/26-evaluation-order.selt (ord.*, alias.arith-operand-*); tools/check-eval-equivalence.{mjs,py,php}; host unit tests",SPEC 6.2 evaluate all operands then coerce; math plans pure optimisation,all six hosts 1600/1600; plain-vs-optimised 0 diffs
GO-C36,../go-code-review.md,C-GO-C36,06-go-correctness.md,tests/12-integration.md#go-c36,closed,"tools/api.* probes 87-107 + tools/api-pins.txt + tools/check-api-compare.py; tools/check-cli-source.sh operand misuse; per-host T12 tests (python/tests/test_t12_host_fixes.py, go/sel/t12_host_test.go + shared_values_race_test.go, lisp/tests/unit.lisp, cpp tsan-registry, tools/check-php-integration.php, tools/check-php-version.sh)","SPEC 8: flow-sensitive dependencies(); non-source/unsupported native/fractional/non-callable -> E_BAD_ARG; 8.1: missing-argument read E_BAD_ARG, thread-safe registration",six hosts agree on 107 API probes (24 pinned); race/TSan/-race lanes green
GO-C37,../go-code-review.md,C-GO-C37,06-go-correctness.md,tests/10-sql-rendering.md#go-c37,closed,"sql/cases/48-scope-and-slots, 49-kind-guarantees, 50-rendering-and-registration, 51-hybrid-parity, 19, 25, 17; sql/oracle/hybrid.json + rows/expressions; tools/check-sql-budgets.sh; tools/check-hybrid-parity*; per-host SQL unit tests","docs/internals/sql-translation.md 7.4 (scope, E_SQL_SIZE MAX_SQL_NODES=250000), sql-kinds.md 5a (all-or-nothing SUM guard, UNKNOWN guards), 7.1 balanced fold >256, 11.6 count clamp 2^63-1, MAP.md 3.1 dialect registration, 4.2 {key:*} numericCast; 12.1 hybrid parity (keys, errors, context, order, names)",all six hosts sqlt 1265/1265 with reuse twin; oracle/hybrid lanes agree on SQLite (+ MariaDB/MySQL/PostgreSQL for PHP); PY-C1 site f closed
GO-C38,../go-code-review.md,C-GO-C38,06-go-correctness.md,tests/09-sql-kinds.md#go-c38,closed,"sql/cases/48-scope-and-slots, 49-kind-guarantees, 50-rendering-and-registration, 51-hybrid-parity, 19, 25, 17; sql/oracle/hybrid.json + rows/expressions; tools/check-sql-budgets.sh; tools/check-hybrid-parity*; per-host SQL unit tests","docs/internals/sql-translation.md 7.4 (scope, E_SQL_SIZE MAX_SQL_NODES=250000), sql-kinds.md 5a (all-or-nothing SUM guard, UNKNOWN guards), 7.1 balanced fold >256, 11.6 count clamp 2^63-1, MAP.md 3.1 dialect registration, 4.2 {key:*} numericCast; 12.1 hybrid parity (keys, errors, context, order, names)",all six hosts sqlt 1265/1265 with reuse twin; oracle/hybrid lanes agree on SQLite (+ MariaDB/MySQL/PostgreSQL for PHP); PY-C1 site f closed
GO-C39,../go-code-review.md,C-GO-C24,06-go-correctness.md,tests/10-sql-rendering.md#go-c39,closed,"sql/cases/48-scope-and-slots, 49-kind-guarantees, 50-rendering-and-registration, 51-hybrid-parity, 19, 25, 17; sql/oracle/hybrid.json + rows/expressions; tools/check-sql-budgets.sh; tools/check-hybrid-parity*; per-host SQL unit tests","docs/internals/sql-translation.md 7.4 (scope, E_SQL_SIZE MAX_SQL_NODES=250000), sql-kinds.md 5a (all-or-nothing SUM guard, UNKNOWN guards), 7.1 balanced fold >256, 11.6 count clamp 2^63-1, MAP.md 3.1 dialect registration, 4.2 {key:*} numericCast; 12.1 hybrid parity (keys, errors, context, order, names)",all six hosts sqlt 1265/1265 with reuse twin; oracle/hybrid lanes agree on SQLite (+ MariaDB/MySQL/PostgreSQL for PHP); PY-C1 site f closed
GO-C40,../go-code-review.md,C-GO-C40,06-go-correctness.md,tests/10-sql-rendering.md#go-c40,closed,,constantKey('') is a constant index; dead comparison removed,"dead comparison removed, case added"
GO-C41,../go-code-review.md,C-GO-C41,06-go-correctness.md,tests/12-integration.md#go-c41,closed,"tools/api.* probes 87-107 + tools/api-pins.txt + tools/check-api-compare.py; tools/check-cli-source.sh operand misuse; per-host T12 tests (python/tests/test_t12_host_fixes.py, go/sel/t12_host_test.go + shared_values_race_test.go, lisp/tests/unit.lisp, cpp tsan-registry, tools/check-php-integration.php, tools/check-php-version.sh)","SPEC 8: flow-sensitive dependencies(); non-source/unsupported native/fractional/non-callable -> E_BAD_ARG; 8.1: missing-argument read E_BAD_ARG, thread-safe registration",six hosts agree on 107 API probes (24 pinned); race/TSan/-race lanes green
GO-C42,../go-code-review.md,C-GO-C12,06-go-correctness.md,tests/02-decimal.md#go-c42,closed,"go/internal/decimal/dec_test.go, go/sel/ownership_test.go, go/internal/utf8/utf8_test.go",SPEC 3.4; CEIL/FLOOR carry E_RANGE at call,go test -race green
GO-C43,../go-code-review.md,C-GO-C43,06-go-correctness.md,tests/10-sql-rendering.md#go-c43,closed,"sql/cases/48-scope-and-slots, 49-kind-guarantees, 50-rendering-and-registration, 51-hybrid-parity, 19, 25, 17; sql/oracle/hybrid.json + rows/expressions; tools/check-sql-budgets.sh; tools/check-hybrid-parity*; per-host SQL unit tests","docs/internals/sql-translation.md 7.4 (scope, E_SQL_SIZE MAX_SQL_NODES=250000), sql-kinds.md 5a (all-or-nothing SUM guard, UNKNOWN guards), 7.1 balanced fold >256, 11.6 count clamp 2^63-1, MAP.md 3.1 dialect registration, 4.2 {key:*} numericCast; 12.1 hybrid parity (keys, errors, context, order, names)",all six hosts sqlt 1265/1265 with reuse twin; oracle/hybrid lanes agree on SQLite (+ MariaDB/MySQL/PostgreSQL for PHP); PY-C1 site f closed
GO-C44,../go-code-review.md,C-GO-C44,06-go-correctness.md,tests/04-evaluation.md#go-c44,closed,"conformance/26 lim.eval-depth.flat-chain-inside-*, num.plan.*, asg.compound.*; host unit tests",SPEC 6.4: index over bare variable costs one level; no host crash on flat chains in aggregate bodies; registered builtins guarded,"host lanes green; asan clean (cpp); race green (go); LISP-C44 not reproduced, hardening + test"
GO-C45,../go-code-review.md,C-GO-C44,06-go-correctness.md,tests/04-evaluation.md#go-c45,closed,"conformance/26 lim.eval-depth.flat-chain-inside-*, num.plan.*, asg.compound.*; host unit tests",SPEC 6.4: index over bare variable costs one level; no host crash on flat chains in aggregate bodies; registered builtins guarded,"host lanes green; asan clean (cpp); race green (go); LISP-C44 not reproduced, hardening + test"
GO-C46,../go-code-review.md,C-GO-C44,06-go-correctness.md,tests/04-evaluation.md#go-c46,closed,"conformance/26 lim.eval-depth.flat-chain-inside-*, num.plan.*, asg.compound.*; host unit tests",SPEC 6.4: index over bare variable costs one level; no host crash on flat chains in aggregate bodies; registered builtins guarded,"host lanes green; asan clean (cpp); race green (go); LISP-C44 not reproduced, hardening + test"
GO-C47,../go-code-review.md,C-GO-C44,06-go-correctness.md,tests/04-evaluation.md#go-c47,closed,"conformance/26 lim.eval-depth.flat-chain-inside-*, num.plan.*, asg.compound.*; host unit tests",SPEC 6.4: index over bare variable costs one level; no host crash on flat chains in aggregate bodies; registered builtins guarded,"host lanes green; asan clean (cpp); race green (go); LISP-C44 not reproduced, hardening + test"
GO-P1,../go-code-review.md,P-GO-P1,performance/go.md,performance/go.md#go-p1,closed,tools/perf/go/,implemented,performance/results/go.md (GO-P1 row); benchmark tools/perf/go/
GO-P2,../go-code-review.md,P-GO-P2,performance/go.md,performance/go.md#go-p2,closed,tools/perf/go/,implemented,performance/results/go.md (GO-P2 row); benchmark tools/perf/go/
GO-P3,../go-code-review.md,P-GO-P3,performance/go.md,performance/go.md#go-p3,closed,tools/perf/go/,implemented,performance/results/go.md (GO-P3 row); benchmark tools/perf/go/
GO-P4,../go-code-review.md,P-GO-P4,performance/go.md,performance/go.md#go-p4,closed,tools/perf/go/,implemented,performance/results/go.md (GO-P4 row); benchmark tools/perf/go/
GO-P5,../go-code-review.md,P-GO-P5,performance/go.md,performance/go.md#go-p5,closed,tools/perf/go/,implemented,performance/results/go.md (GO-P5 row); benchmark tools/perf/go/
GO-P6,../go-code-review.md,P-GO-P6,performance/go.md,performance/go.md#go-p6,closed,tools/perf/go/,implemented (partly): remaining sub-items measured and deferred in the results row,performance/results/go.md (GO-P6 row); benchmark tools/perf/go/
GO-P7,../go-code-review.md,P-GO-P7,performance/go.md,performance/go.md#go-p7,closed,tools/perf/go/,implemented,performance/results/go.md (GO-P7 row); benchmark tools/perf/go/
GO-P8,../go-code-review.md,P-GO-P8,performance/go.md,performance/go.md#go-p8,closed,tools/perf/go/,rejected: no gain under CPU-time A/B (P8 per-node defer x1.00; P22 x1.03),performance/results/go.md (GO-P8 row); benchmark tools/perf/go/
GO-P9,../go-code-review.md,P-GO-P9,performance/go.md,performance/go.md#go-p9,closed,tools/perf/go/,implemented (partly): remaining sub-items measured and deferred in the results row,performance/results/go.md (GO-P9 row); benchmark tools/perf/go/
GO-P10,../go-code-review.md,P-GO-P10,performance/go.md,performance/go.md#go-p10,closed,tools/perf/go/,implemented,performance/results/go.md (GO-P10 row); benchmark tools/perf/go/
GO-P11,../go-code-review.md,P-GO-P11,performance/go.md,performance/go.md#go-p11,closed,tools/perf/go/,implemented,performance/results/go.md (GO-P11 row); benchmark tools/perf/go/
GO-P12,../go-code-review.md,P-GO-P12,performance/go.md,performance/go.md#go-p12,closed,tools/perf/go/,implemented (partly): remaining sub-items measured and deferred in the results row,performance/results/go.md (GO-P12 row); benchmark tools/perf/go/
GO-P13,../go-code-review.md,P-GO-P13,performance/go.md,performance/go.md#go-p13,closed,tools/perf/go/,implemented,performance/results/go.md (GO-P13 row); benchmark tools/perf/go/
GO-P14,../go-code-review.md,P-GO-P14,performance/go.md,performance/go.md#go-p14,closed,tools/perf/go/,implemented,performance/results/go.md (GO-P14 row); benchmark tools/perf/go/
GO-P15,../go-code-review.md,P-GO-P15,performance/go.md,performance/go.md#go-p15,closed,tools/perf/go/,implemented,performance/results/go.md (GO-P15 row); benchmark tools/perf/go/
GO-P16,../go-code-review.md,P-GO-P16,performance/go.md,performance/go.md#go-p16,closed,tools/perf/go/,implemented,performance/results/go.md (GO-P16 row); benchmark tools/perf/go/
GO-P17,../go-code-review.md,P-GO-P17,performance/go.md,performance/go.md#go-p17,closed,tools/perf/go/,already-addressed: linear since the T09 balanced fold,performance/results/go.md (GO-P17 row); benchmark tools/perf/go/
GO-P18,../go-code-review.md,P-GO-P18,performance/go.md,performance/go.md#go-p18,closed,tools/perf/go/,implemented,performance/results/go.md (GO-P18 row); benchmark tools/perf/go/
GO-P19,../go-code-review.md,P-GO-P19,performance/go.md,performance/go.md#go-p19,closed,tools/perf/go/,implemented,performance/results/go.md (GO-P19 row); benchmark tools/perf/go/
GO-P20,../go-code-review.md,P-GO-P20,performance/go.md,performance/go.md#go-p20,closed,tools/perf/go/,implemented,performance/results/go.md (GO-P20 row); benchmark tools/perf/go/
GO-P21,../go-code-review.md,P-GO-P21,performance/go.md,performance/go.md#go-p21,closed,tools/perf/go/,implemented,performance/results/go.md (GO-P21 row); benchmark tools/perf/go/
GO-P22,../go-code-review.md,P-GO-P22,performance/go.md,performance/go.md#go-p22,closed,tools/perf/go/,rejected: no gain under CPU-time A/B (P8 per-node defer x1.00; P22 x1.03),performance/results/go.md (GO-P22 row); benchmark tools/perf/go/
GO-P23,../go-code-review.md,P-GO-P23,performance/go.md,performance/go.md#go-p23,closed,tools/perf/go/,implemented,performance/results/go.md (GO-P23 row); benchmark tools/perf/go/
GO-P24,../go-code-review.md,P-GO-P24,performance/go.md,performance/go.md#go-p24,closed,tools/perf/go/,implemented,performance/results/go.md (GO-P24 row); benchmark tools/perf/go/
GO-P25,../go-code-review.md,P-GO-P25,performance/go.md,performance/go.md#go-p25,closed,tools/perf/go/,implemented,performance/results/go.md (GO-P25 row); benchmark tools/perf/go/
GO-P26,../go-code-review.md,P-GO-P26,performance/go.md,performance/go.md#go-p26,closed,tools/perf/go/,implemented,performance/results/go.md (GO-P26 row); benchmark tools/perf/go/
GO-P27,../go-code-review.md,P-GO-P27,performance/go.md,performance/go.md#go-p27,closed,tools/perf/go/,implemented,performance/results/go.md (GO-P27 row); benchmark tools/perf/go/
GO-P28,../go-code-review.md,P-GO-P28,performance/go.md,performance/go.md#go-p28,closed,tools/perf/go/,implemented (partly): remaining sub-items measured and deferred in the results row,performance/results/go.md (GO-P28 row); benchmark tools/perf/go/
GO-P29,../go-code-review.md,P-GO-P29,performance/go.md,performance/go.md#go-p29,deferred,tools/perf/go/,"deferred: documentation-only GC tuning advice (GOGC=200: -21% CPU, +45% memory on scenario 1); recommended text is in the round-3 row, no library-wide setting",performance/results/go.md (GO-P29 row); benchmark tools/perf/go/; reconsider when the Go usage docs are next revised — place the recommended text there
